"CODI_INE","NOMBRE_HABITANTS","NOMBRE_DONES","NOMBRE_HOMES","DONES_00_16","HOMES_00_16","DONES_17_29","HOMES_17_29","DONES_30_49","HOMES_30_49","DONES_50_69","HOMES_50_69","DONES_70","HOMES_70","NOMBRE_VEHICLES","LAT","C017","C018"
"2-7-05","159","80","79","16","23","11","5","42","33","5","11","6","7","68","41.5445044164117","2.44812714965034","POINT (2.44812714965034 41.5445044164117)"
"1-2-11","387","200","187","37","27","23","27","58","62","51","45","31","26","137","41.5360962357671","2.44770383414957","POINT (2.44770383414957 41.5360962357671)"
"4-9-11","341","166","175","26","24","18","25","49","56","48","44","25","26","155","41.5474449213553","2.43796750200755","POINT (2.43796750200755 41.5474449213553)"
"4-9-10","281","149","132","29","32","17","14","51","47","30","28","22","11","126","41.5482789663759","2.43788453671741","POINT (2.43788453671741 41.5482789663759)"
"2-11-13","198","99","99","20","25","12","11","43","46","18","15","6","2","68","41.5434764905718","2.45193598979164","POINT (2.45193598979164 41.5434764905718)"
"2-4-14","121","56","65","15","13","8","12","16","24","10","12","7","4","21","41.5463564163442","2.45099221404934","POINT (2.45099221404934 41.5463564163442)"
"2-4-16","67","34","33","9","7","4","1","9","13","9","10","3","2","13","41.5462693044569","2.45063130361705","POINT (2.45063130361705 41.5462693044569)"
"2-4-13","83","39","44","12","8","4","4","13","22","3","7","7","3","18","41.5464909143601","2.45073442402795","POINT (2.45073442402795 41.5464909143601)"
"2-4-12","41","23","18","7","6","3","0","8","7","2","2","3","3","4","41.5465096944214","2.45042460919107","POINT (2.45042460919107 41.5465096944214)"
"2-4-17","500","236","264","30","39","38","37","80","97","57","63","31","28","170","41.5459626254712","2.45038346817255","POINT (2.45038346817255 41.5459626254712)"
"2-4-06","257","129","128","18","14","16","19","25","36","50","41","20","18","113","41.5458677685586","2.451967127112","POINT (2.451967127112 41.5458677685586)"
"2-4-09","385","176","209","43","57","27","41","66","72","32","36","8","3","39","41.5464639799326","2.45133476771994","POINT (2.45133476771994 41.5464639799326)"
"2-4-11","138","63","75","9","12","12","14","17","27","18","17","7","5","27","41.5467562295135","2.45076923251833","POINT (2.45076923251833 41.5467562295135)"
"2-4-10","113","46","67","8","16","6","8","14","27","12","13","6","3","20","41.546833401003","2.45103100397524","POINT (2.45103100397524 41.546833401003)"
"2-4-08","55","27","28","7","5","2","6","10","7","3","9","5","1","5","41.5469195199187","2.45134521005715","POINT (2.45134521005715 41.5469195199187)"
"2-4-05","355","150","205","33","47","29","38","39","75","29","36","20","9","46","41.5468220194544","2.45194996609502","POINT (2.45194996609502 41.5468220194544)"
"2-4-07","56","27","29","7","9","2","2","9","9","4","5","5","4","11","41.5467562800201","2.45256663665205","POINT (2.45256663665205 41.5467562800201)"
"5-16-09","179","88","91","17","15","15","10","35","43","15","15","6","8","76","41.5415724922283","2.42409025030172","POINT (2.42409025030172 41.5415724922283)"
"5-4-15","41","20","21","7","6","0","0","9","10","1","2","3","3","16","41.5439658807165","2.42434232613005","POINT (2.42434232613005 41.5439658807165)"
"6-9-55","150","63","87","7","16","9","9","23","33","16","24","8","5","65","41.5264987400204","2.43363876582447","POINT (2.43363876582447 41.5264987400204)"
"6-9-58","38","26","12","0","0","0","0","0","1","0","2","26","9","1","41.5274895987872","2.43353818605333","POINT (2.43353818605333 41.5274895987872)"
"6-9-56","54","20","34","1","4","3","5","11","20","4","4","1","1","17","41.5254729286349","2.43200392234187","POINT (2.43200392234187 41.5254729286349)"
"6-9-57","128","67","61","17","11","5","10","42","39","2","1","1","0","70","41.5244132941947","2.43031671739471","POINT (2.43031671739471 41.5244132941947)"
"4-9-02","257","125","132","30","44","6","10","62","49","19","20","8","9","120","41.5457351679461","2.43608814898706","POINT (2.43608814898706 41.5457351679461)"
"4-8-03","279","136","143","36","45","8","15","63","51","22","26","7","6","146","41.545160151144","2.43537205847329","POINT (2.43537205847329 41.545160151144)"
"4-8-04","483","239","244","68","76","17","20","97","93","42","37","15","18","240","41.5446102071015","2.4361593198698","POINT (2.4361593198698 41.5446102071015)"
"4-8-01","482","248","234","59","53","19","27","98","90","46","41","26","23","210","41.5440114139624","2.4354334240744","POINT (2.4354334240744 41.5440114139624)"
"2-7-12","336","165","171","38","46","11","7","81","71","27","35","8","12","163","41.544791402267","2.4513081138967","POINT (2.4513081138967 41.544791402267)"
"3-10-04","33","16","17","2","3","0","1","4","2","6","5","4","6","29","41.547285957521","2.44339635474235","POINT (2.44339635474235 41.547285957521)"
"3-12-09","50","25","25","8","10","1","0","12","12","3","3","1","0","21","41.5572177152514","2.45232526028849","POINT (2.45232526028849 41.5572177152514)"
"3-12-10","150","78","72","29","18","4","10","35","35","9","8","1","1","85","41.5581606010579","2.45317793717464","POINT (2.45317793717464 41.5581606010579)"
"3-12-07","100","46","54","16","19","1","3","22","26","6","5","1","1","39","41.5587748164468","2.45202292920027","POINT (2.45202292920027 41.5587748164468)"
"3-12-08","31","14","17","4","6","0","2","8","5","2","4","0","0","11","41.5577548592771","2.45166279776215","POINT (2.45166279776215 41.5577548592771)"
"3-12-06","41","19","22","9","7","2","2","8","11","0","2","0","0","17","41.5578754927326","2.45113468031161","POINT (2.45113468031161 41.5578754927326)"
"2-7-06","98","58","40","15","7","5","5","18","13","11","9","9","6","40","41.5455935183854","2.44834562382556","POINT (2.44834562382556 41.5455935183854)"
"5-2-10","181","96","85","17","13","21","13","23","23","28","30","7","6","104","41.5433059683648","2.4278318598692","POINT (2.4278318598692 41.5433059683648)"
"2-1-08","190","93","97","19","27","14","9","30","29","20","25","10","7","75","41.5369467912842","2.45230205821019","POINT (2.45230205821019 41.5369467912842)"
"2-9-06","117","61","56","14","14","7","4","21","23","14","13","5","2","39","41.5413621006811","2.4487065703585","POINT (2.4487065703585 41.5413621006811)"
"3-14-01","303","154","149","25","22","18","19","43","44","48","43","20","21","205","41.5532740470691","2.44292043810922","POINT (2.44292043810922 41.5532740470691)"
"3-14-01","303","154","149","25","22","18","19","43","44","48","43","20","21","205","41.5523683823518","2.4434163568205","POINT (2.4434163568205 41.5523683823518)"
"3-14-01","303","154","149","25","22","18","19","43","44","48","43","20","21","205","41.5517357730323","2.44515643177708","POINT (2.44515643177708 41.5517357730323)"
"3-14-01","303","154","149","25","22","18","19","43","44","48","43","20","21","205","41.554387622028","2.44399971426321","POINT (2.44399971426321 41.554387622028)"
"4-2-05","110","59","51","11","10","5","13","21","11","12","11","10","6","55","41.5496985712946","2.43483384795741","POINT (2.43483384795741 41.5496985712946)"
"6-3-06","187","100","87","9","13","14","15","38","27","23","19","16","13","81","41.5349780243228","2.44057018971158","POINT (2.44057018971158 41.5349780243228)"
"4-9-09","115","59","56","10","9","10","8","20","20","12","13","7","6","40","41.5479573584439","2.4366973562104","POINT (2.4366973562104 41.5479573584439)"
"4-9-08","175","96","79","15","16","16","11","27","26","26","20","12","6","100","41.5487498443033","2.43699459364354","POINT (2.43699459364354 41.5487498443033)"
"4-9-07","266","132","134","25","25","13","20","47","48","27","28","20","13","113","41.5483528672618","2.43578187570437","POINT (2.43578187570437 41.5483528672618)"
"4-9-06","73","33","40","5","9","2","4","11","15","11","9","4","3","31","41.547944389971","2.43543934509055","POINT (2.43543934509055 41.547944389971)"
"3-6-13","79","39","40","8","8","6","4","6","10","17","15","2","3","51","41.553691909708","2.44658686447938","POINT (2.44658686447938 41.553691909708)"
"3-6-17","49","23","26","3","0","3","9","3","4","11","11","3","2","38","41.5538634972414","2.44717664006279","POINT (2.44717664006279 41.5538634972414)"
"3-13-15","239","126","113","27","20","17","27","39","35","31","26","12","5","126","41.5539499581851","2.44030315168144","POINT (2.44030315168144 41.5539499581851)"
"3-14-05","29","14","15","1","0","1","3","1","2","10","6","1","4","31","41.5538886429947","2.44248336312992","POINT (2.44248336312992 41.5538886429947)"
"1-3-01","273","140","133","19","14","13","15","37","45","42","40","29","19","106","41.5384053473059","2.44638333530597","POINT (2.44638333530597 41.5384053473059)"
"5-13-03","750","365","385","64","69","46","53","91","122","82","86","82","55","219","41.5370906012338","2.42736504400402","POINT (2.42736504400402 41.5370906012338)"
"4-5-21","57","27","30","3","5","0","3","7","10","12","9","5","3","39","41.5459212455011","2.43029346321323","POINT (2.43029346321323 41.5459212455011)"
"4-5-26","147","80","67","14","9","18","13","21","18","21","21","6","6","92","41.5442292494368","2.43099356262843","POINT (2.43099356262843 41.5442292494368)"
"4-5-28","54","33","21","5","4","6","1","10","9","9","4","3","3","31","41.5442283848066","2.43040763614225","POINT (2.43040763614225 41.5442283848066)"
"4-5-27","52","27","25","5","4","3","4","9","8","5","5","5","4","36","41.5446003992514","2.43039854890008","POINT (2.43039854890008 41.5446003992514)"
"6-9-53","285","133","152","10","21","22","23","34","46","41","43","26","19","72","41.5316030138734","2.43576160783793","POINT (2.43576160783793 41.5316030138734)"
"6-9-08","535","270","265","36","51","32","35","76","93","82","68","44","18","170","41.532348191655","2.43509368531087","POINT (2.43509368531087 41.532348191655)"
"6-9-51","145","71","74","15","8","5","6","22","19","24","25","5","16","27","41.5320215558715","2.43398122385646","POINT (2.43398122385646 41.5320215558715)"
"3-13-09","248","121","127","18","28","16","18","40","32","42","46","5","3","160","41.5530551051521","2.43810207072748","POINT (2.43810207072748 41.5530551051521)"
"3-14-04","309","153","156","22","25","17","30","34","36","52","45","28","20","188","41.5525797454029","2.44160668037049","POINT (2.44160668037049 41.5525797454029)"
"3-6-16","51","29","22","4","3","3","3","8","6","12","8","2","2","35","41.5533006357316","2.44754481111275","POINT (2.44754481111275 41.5533006357316)"
"3-13-13","247","125","122","24","29","23","19","43","35","28","32","7","7","138","41.5532994998798","2.44103237877986","POINT (2.44103237877986 41.5532994998798)"
"3-6-04","61","28","33","4","8","1","5","14","11","5","7","4","2","36","41.5533880322344","2.4450709208969","POINT (2.4450709208969 41.5533880322344)"
"3-6-05","195","104","91","13","14","24","15","24","22","31","32","12","8","121","41.5534749401754","2.4455974212518","POINT (2.4455974212518 41.5534749401754)"
"3-13-12","320","159","161","24","31","26","31","57","56","43","39","9","4","183","41.5534869423726","2.4391603179608","POINT (2.4391603179608 41.5534869423726)"
"3-6-09","30","14","16","2","5","1","1","4","5","6","4","1","1","17","41.5535717327464","2.44616332311912","POINT (2.44616332311912 41.5535717327464)"
"3-6-07","258","133","125","22","16","31","28","32","30","37","37","11","14","138","41.5542967401454","2.44533312437413","POINT (2.44533312437413 41.5542967401454)"
"3-6-14","121","58","63","10","16","8","9","16","11","20","25","4","2","84","41.5544557565223","2.44627799214826","POINT (2.44627799214826 41.5544557565223)"
"3-14-01","303","154","149","25","22","18","19","43","44","48","43","20","21","205","41.5535062875099","2.44439312328596","POINT (2.44439312328596 41.5535062875099)"
"2-1-02","176","86","90","13","20","6","6","34","34","21","22","12","8","89","41.5387737357241","2.44989845546507","POINT (2.44989845546507 41.5387737357241)"
"1-7-11","60","38","22","5","2","4","2","10","8","10","8","9","2","30","41.5389088614636","2.43939469427638","POINT (2.43939469427638 41.5389088614636)"
"5-10-08","772","336","436","80","112","59","78","115","162","46","61","36","23","122","41.5388451949605","2.42572488034008","POINT (2.42572488034008 41.5388451949605)"
"1-3-02","304","144","160","23","30","26","20","62","73","23","25","10","12","94","41.5389881222416","2.44590206002355","POINT (2.44590206002355 41.5389881222416)"
"2-1-03","120","60","60","8","10","5","6","22","23","16","12","9","9","71","41.5390717513114","2.45043487019708","POINT (2.45043487019708 41.5390717513114)"
"6-5-06","195","102","93","7","12","15","9","17","17","30","27","33","28","105","41.5392421652198","2.43309074902729","POINT (2.43309074902729 41.5392421652198)"
"6-6-02","347","174","173","16","26","25","23","47","67","58","36","28","21","144","41.5391453850789","2.4350001988279","POINT (2.4350001988279 41.5391453850789)"
"5-7-01","239","115","124","15","22","18","24","27","23","44","45","11","10","134","41.5391128858308","2.42230133335975","POINT (2.42230133335975 41.5391128858308)"
"6-8-05","603","288","315","25","62","41","30","72","96","113","95","37","32","327","41.5391122196276","2.43058231731333","POINT (2.43058231731333 41.5391122196276)"
"5-7-03","211","104","107","15","12","11","13","24","30","42","38","12","14","114","41.5392698804774","2.42160327561876","POINT (2.42160327561876 41.5392698804774)"
"3-14-06","51","24","27","2","4","2","1","7","6","9","10","4","6","33","41.5546678251888","2.44343048369936","POINT (2.44343048369936 41.5546678251888)"
"5-8-05","312","146","166","27","39","24","31","49","56","34","32","12","8","101","41.538540798161","2.42138925386418","POINT (2.42138925386418 41.538540798161)"
"6-8-03","51","27","24","2","3","3","3","8","5","8","8","6","5","17","41.5386772120503","2.42976894917823","POINT (2.42976894917823 41.5386772120503)"
"6-5-05","149","75","74","6","8","11","8","11","16","25","27","22","15","76","41.5388324902256","2.43279257144147","POINT (2.43279257144147 41.5388324902256)"
"2-2-05","29","17","12","4","2","2","1","4","3","4","3","3","3","19","41.5390379061272","2.45424940088783","POINT (2.45424940088783 41.5390379061272)"
"6-7-06","167","87","80","4","8","11","11","17","13","30","27","25","21","82","41.5388386353307","2.43370296248211","POINT (2.43370296248211 41.5388386353307)"
"2-1-07","418","217","201","30","26","29","36","53","53","70","64","35","22","196","41.538709209876","2.45197635252877","POINT (2.45197635252877 41.538709209876)"
"1-4-02","210","115","95","17","10","17","14","39","33","26","27","16","11","100","41.5386400619786","2.44346986052017","POINT (2.44346986052017 41.5386400619786)"
"6-4-07","153","81","72","11","17","13","8","23","26","24","12","10","9","64","41.5387631750172","2.43692369435972","POINT (2.43692369435972 41.5387631750172)"
"3-6-06","63","27","36","5","10","4","3","9","16","5","6","4","1","27","41.5542623038831","2.44487141360471","POINT (2.44487141360471 41.5542623038831)"
"3-13-16","413","213","200","35","33","41","40","74","59","54","53","9","15","247","41.5542227820001","2.44160927167383","POINT (2.44160927167383 41.5542227820001)"
"3-6-18","99","53","46","11","11","9","3","16","15","16","14","1","3","54","41.5544893517263","2.44695132176779","POINT (2.44695132176779 41.5544893517263)"
"3-6-10","43","22","21","0","3","7","2","3","5","12","10","0","1","37","41.554380856882","2.44580389385344","POINT (2.44580389385344 41.554380856882)"
"6-6-04","563","294","269","41","40","35","32","89","94","61","65","68","38","188","41.5397689491702","2.43494939074634","POINT (2.43494939074634 41.5397689491702)"
"5-19-02","471","257","214","46","32","30","31","75","65","66","56","40","30","144","41.5397946190489","2.42546799126127","POINT (2.42546799126127 41.5397946190489)"
"6-13-06","250","131","119","9","17","11","20","31","38","39","28","41","16","75","41.5400021894086","2.43327566721249","POINT (2.43327566721249 41.5400021894086)"
"2-10-11","143","77","66","15","12","12","12","24","19","18","16","8","7","56","41.540132349713","2.45074632697949","POINT (2.45074632697949 41.540132349713)"
"5-7-02","354","180","174","27","34","17","29","56","53","29","34","51","24","126","41.5397949416037","2.42265182176988","POINT (2.42265182176988 41.5397949416037)"
"6-6-05","378","197","181","27","33","24","19","61","67","38","35","47","27","137","41.5401551994609","2.43420815002269","POINT (2.43420815002269 41.5401551994609)"
"2-1-10","73","38","35","0","1","8","8","9","10","14","12","7","4","42","41.5400441510045","2.45216230592792","POINT (2.45216230592792 41.5400441510045)"
"5-19-03","145","82","63","12","3","18","10","13","16","33","24","6","10","54","41.540208324121","2.42426033636585","POINT (2.42426033636585 41.540208324121)"
"6-13-07","221","121","100","11","20","18","7","33","30","23","26","36","17","93","41.5401520278629","2.43287031772889","POINT (2.43287031772889 41.5401520278629)"
"6-6-03","355","189","166","23","30","29","25","40","34","60","48","37","29","169","41.54003598193","2.4361994349116","POINT (2.4361994349116 41.54003598193)"
"1-7-09","130","66","64","8","15","7","5","16","17","18","21","17","6","67","41.5391585797567","2.43804556338618","POINT (2.43804556338618 41.5391585797567)"
"5-17-03","425","212","213","49","45","25","29","74","67","41","54","23","18","153","41.5389516639352","2.42428767586338","POINT (2.42428767586338 41.5389516639352)"
"6-6-01","187","102","85","14","16","13","9","35","26","22","23","18","11","84","41.5394459033109","2.43652415006036","POINT (2.43652415006036 41.5394459033109)"
"1-7-03","232","126","106","27","18","15","22","35","27","29","25","20","14","104","41.5391073634643","2.4404009659694","POINT (2.4404009659694 41.5391073634643)"
"6-8-06","330","171","159","24","34","20","27","48","42","63","51","16","5","162","41.5394762276166","2.43101616430006","POINT (2.43101616430006 41.5394762276166)"
"2-10-03","85","48","37","7","3","2","6","16","13","15","12","8","3","34","41.5397090035648","2.44740526000954","POINT (2.44740526000954 41.5397090035648)"
"6-13-04","75","40","35","1","4","7","5","6","7","17","11","9","8","34","41.5396165809036","2.43224786095203","POINT (2.43224786095203 41.5396165809036)"
"6-13-05","109","59","50","1","5","13","5","9","15","24","22","12","3","63","41.5396034167705","2.43270401215439","POINT (2.43270401215439 41.5396034167705)"
"1-4-01","187","119","68","11","10","9","11","24","19","23","13","52","15","56","41.539210528861","2.44415844737201","POINT (2.44415844737201 41.539210528861)"
"1-4-05","163","81","82","12","22","10","11","25","27","25","13","9","9","68","41.5394794383649","2.44217470605719","POINT (2.44217470605719 41.5394794383649)"
"2-2-02","401","210","191","16","29","27","26","46","46","84","64","37","26","199","41.5397080450278","2.45367260027849","POINT (2.45367260027849 41.5397080450278)"
"5-17-01","543","241","302","58","60","30","49","75","118","46","55","32","20","98","41.539371688063","2.42346907710593","POINT (2.42346907710593 41.539371688063)"
"6-5-07","168","85","83","10","10","12","13","18","21","31","26","14","13","84","41.539683326757","2.43357648338906","POINT (2.43357648338906 41.539683326757)"
"2-1-04","405","202","203","36","41","23","31","50","54","70","54","23","23","165","41.5394561077527","2.45141736718915","POINT (2.45141736718915 41.5394561077527)"
"6-8-07","289","149","140","22","20","19","20","34","41","50","46","24","13","142","41.539719619653","2.43132043021706","POINT (2.43132043021706 41.539719619653)"
"1-7-01","153","75","78","17","25","8","8","31","21","8","17","11","7","57","41.5393205523327","2.44111661486047","POINT (2.44111661486047 41.5393205523327)"
"5-19-01","351","173","178","29","41","23","23","56","58","41","39","24","17","81","41.5394899242774","2.42498633928827","POINT (2.42498633928827 41.5394899242774)"
"1-7-06","138","78","60","12","15","9","3","22","15","20","18","15","9","66","41.5395623395585","2.43878042650991","POINT (2.43878042650991 41.5395623395585)"
"1-3-03","177","99","78","12","15","17","5","38","39","20","16","12","3","66","41.5396480250198","2.4458287428377","POINT (2.4458287428377 41.5396480250198)"
"5-19-04","27","13","14","3","6","1","1","5","4","2","1","2","2","9","41.5399312940067","2.42437058385761","POINT (2.42437058385761 41.5399312940067)"
"2-10-02","58","26","32","3","11","3","5","12","12","7","3","1","1","10","41.5399842173974","2.44701144069601","POINT (2.44701144069601 41.5399842173974)"
"5-10-10","74","30","44","6","7","4","0","10","12","7","23","3","2","12","41.5388978765823","2.42846743470193","POINT (2.42846743470193 41.5388978765823)"
"2-10-08","98","46","52","12","11","3","9","12","12","9","12","10","8","47","41.5397175610543","2.4495695957566","POINT (2.4495695957566 41.5397175610543)"
"5-7-04","179","88","91","18","23","12","11","39","37","14","17","5","3","51","41.5398233943454","2.4218206708217","POINT (2.4218206708217 41.5398233943454)"
"2-10-05","94","47","47","5","7","5","5","21","20","10","11","6","4","49","41.5402391907997","2.44744892813149","POINT (2.44744892813149 41.5402391907997)"
"1-7-02","118","67","51","7","10","8","10","21","15","20","11","11","5","48","41.5402559284425","2.44010501363953","POINT (2.44010501363953 41.5402559284425)"
"2-10-01","38","19","19","5","6","1","2","6","7","4","2","3","2","9","41.5404644146126","2.44674047863302","POINT (2.44674047863302 41.5404644146126)"
"2-1-08","190","93","97","19","27","14","9","30","29","20","25","10","7","75","41.5401521569954","2.45258395428887","POINT (2.45258395428887 41.5401521569954)"
"2-10-06","148","74","74","14","14","9","16","30","23","11","13","10","8","54","41.5402063301825","2.44811521372743","POINT (2.44811521372743 41.5402063301825)"
"5-20-05","103","49","54","6","6","9","15","12","18","11","10","11","5","24","41.5405079994671","2.42575976442086","POINT (2.42575976442086 41.5405079994671)"
"2-11-12","50","28","22","2","2","3","2","8","6","7","6","8","6","18","41.540859424174","2.45182870254949","POINT (2.45182870254949 41.540859424174)"
"2-10-10","257","126","131","26","29","17","10","49","62","15","22","19","8","81","41.540761860825","2.4499775230369","POINT (2.4499775230369 41.540761860825)"
"5-16-06","140","60","80","12","12","7","13","15","27","14","21","12","7","51","41.5408376198113","2.42378470391862","POINT (2.42378470391862 41.5408376198113)"
"5-1-07","110","64","46","8","5","7","7","8","4","16","16","25","14","47","41.5409039974398","2.4322568393071","POINT (2.4322568393071 41.5409039974398)"
"5-15-04","68","34","34","8","7","5","6","7","10","10","8","4","3","24","41.5408834109882","2.42559312410514","POINT (2.42559312410514 41.5408834109882)"
"1-6-01","63","32","31","3","6","4","4","13","10","5","6","7","5","26","41.540989597855","2.44044317726773","POINT (2.44044317726773 41.540989597855)"
"2-2-04","455","264","191","36","26","32","23","79","57","62","56","55","29","177","41.5409336687419","2.45531704362278","POINT (2.45531704362278 41.5409336687419)"
"5-16-08","117","57","60","10","13","7","9","26","24","10","9","4","5","40","41.5411016923102","2.42319703823906","POINT (2.42319703823906 41.5411016923102)"
"5-16-02","58","25","33","4","4","3","7","9","12","6","9","3","1","25","41.5411618498626","2.42504937493781","POINT (2.42504937493781 41.5411618498626)"
"5-1-04","248","125","123","32","23","14","16","42","43","25","29","12","12","81","41.5411117703537","2.42904633710795","POINT (2.42904633710795 41.5411117703537)"
"5-7-05","410","186","224","46","55","26","24","60","89","33","43","21","13","113","41.5403266789616","2.42244121062387","POINT (2.42244121062387 41.5403266789616)"
"2-10-07","47","24","23","8","4","6","5","7","10","1","3","2","1","19","41.5405857493373","2.44842740989914","POINT (2.44842740989914 41.5405857493373)"
"5-1-06","223","120","103","21","14","12","15","40","39","34","26","13","9","87","41.5405305007374","2.42887747480667","POINT (2.42887747480667 41.5405305007374)"
"5-1-13","270","138","132","23","19","23","20","31","38","40","37","21","18","122","41.5407067533132","2.43435900310935","POINT (2.43435900310935 41.5407067533132)"
"5-7-06","330","165","165","24","30","16","20","41","45","51","46","33","24","131","41.5404592800745","2.42170063834427","POINT (2.42170063834427 41.5404592800745)"
"2-2-01","190","82","108","9","12","16","20","18","30","29","37","10","9","64","41.5404012129589","2.45335352967102","POINT (2.45335352967102 41.5404012129589)"
"1-3-06","198","105","93","10","13","13","13","42","31","22","22","18","14","84","41.5404919833476","2.4453210064796","POINT (2.4453210064796 41.5404919833476)"
"5-1-05","239","112","127","17","18","14","29","31","39","31","25","19","16","59","41.5405662390572","2.4282867192744","POINT (2.4282867192744 41.5405662390572)"
"5-20-04","604","287","317","38","55","38","59","87","101","78","75","46","27","164","41.5405657972945","2.42652560866553","POINT (2.42652560866553 41.5405657972945)"
"1-4-06","277","143","134","28","26","20","23","45","52","30","23","20","10","127","41.5403380385969","2.44171095017924","POINT (2.44171095017924 41.5403380385969)"
"5-20-03","285","139","146","30","27","21","25","39","49","27","28","22","17","90","41.5406199035951","2.42746416870377","POINT (2.42746416870377 41.5406199035951)"
"1-4-07","104","52","52","4","11","10","8","13","16","17","13","8","4","51","41.5401744650566","2.44299387075845","POINT (2.44299387075845 41.5401744650566)"
"5-1-08","108","60","48","5","4","11","7","8","10","22","18","14","9","56","41.5407528340096","2.43499889197968","POINT (2.43499889197968 41.5407528340096)"
"2-10-09","250","115","135","20","21","21","41","37","34","27","35","10","4","74","41.5404986055971","2.44917699656487","POINT (2.44917699656487 41.5404986055971)"
"1-4-08","200","106","94","16","20","14","12","31","26","25","27","20","9","100","41.5403648896345","2.44371108819726","POINT (2.44371108819726 41.5403648896345)"
"1-6-05","152","84","68","17","12","12","5","28","34","18","11","9","6","78","41.5408872316545","2.4378525863237","POINT (2.4378525863237 41.5408872316545)"
"5-16-07","98","54","44","4","2","3","4","4","6","23","18","20","14","41","41.5408445758405","2.42304446474714","POINT (2.42304446474714 41.5408445758405)"
"5-16-01","228","125","103","22","13","7","18","27","27","27","20","42","25","77","41.5407364397542","2.42473130675499","POINT (2.42473130675499 41.5407364397542)"
"1-6-03","375","212","163","43","32","23","17","72","59","44","31","30","24","149","41.5409248542929","2.43920130091984","POINT (2.43920130091984 41.5409248542929)"
"1-7-10","265","148","117","30","26","19","16","47","27","27","28","25","20","120","41.5400181329126","2.4372679952823","POINT (2.4372679952823 41.5400181329126)"
"1-7-07","178","93","85","8","12","15","16","21","17","25","23","24","17","91","41.5402199790891","2.43816205175047","POINT (2.43816205175047 41.5402199790891)"
"6-8-08","264","139","125","31","34","13","12","54","45","29","29","12","5","115","41.540138326525","2.43196415157502","POINT (2.43196415157502 41.540138326525)"
"1-7-04","197","104","93","17","20","11","13","30","29","34","24","12","7","91","41.540068554447","2.4393584884817","POINT (2.4393584884817 41.540068554447)"
"5-17-02","405","212","193","40","41","29","22","63","67","57","46","23","17","128","41.5398946778083","2.42382729314787","POINT (2.42382729314787 41.5398946778083)"
"5-6-01","365","193","172","25","19","23","34","53","47","63","57","29","15","141","41.5415233101622","2.42115898398258","POINT (2.42115898398258 41.5415233101622)"
"5-1-01","422","210","212","57","53","26","27","79","82","33","40","15","10","125","41.5418169877492","2.42852398341441","POINT (2.42852398341441 41.5418169877492)"
"5-16-05","332","155","177","22","38","13","26","57","67","40","28","23","18","106","41.5417150156597","2.42340585734115","POINT (2.42340585734115 41.5417150156597)"
"2-9-10","271","132","139","20","33","10","15","69","64","25","20","8","7","120","41.5417360985277","2.44970331151433","POINT (2.44970331151433 41.5417360985277)"
"5-20-02","299","147","152","38","51","20","21","53","46","22","28","14","6","56","41.541931406447","2.42790669161207","POINT (2.42790669161207 41.541931406447)"
"2-11-09","50","18","32","10","22","5","9","1","0","2","1","0","0","6","41.5420656961323","2.45261775240987","POINT (2.45261775240987 41.5420656961323)"
"1-5-02","54","31","23","6","3","1","4","6","2","11","9","7","5","27","41.5418840641924","2.44300178547136","POINT (2.44300178547136 41.5418840641924)"
"5-16-04","233","122","111","19","18","11","11","38","41","27","24","27","17","86","41.5416876454887","2.42482675311436","POINT (2.42482675311436 41.5416876454887)"
"1-9-02","229","117","112","18","16","15","18","39","41","29","23","16","14","106","41.5419855673817","2.43896176609654","POINT (2.43896176609654 41.5419855673817)"
"2-10-12","224","114","110","14","10","22","17","51","52","19","26","8","5","87","41.5409701055466","2.45057186718773","POINT (2.45057186718773 41.5409701055466)"
"5-6-02","434","211","223","43","42","21","25","53","72","63","53","31","31","178","41.5411401718134","2.42217754225322","POINT (2.42217754225322 41.5411401718134)"
"1-6-07","414","212","202","28","25","28","25","42","59","78","58","36","35","260","41.5409355405086","2.43683129262011","POINT (2.43683129262011 41.5409355405086)"
"5-15-05","222","106","116","22","24","9","12","29","31","25","30","21","19","87","41.5410926306279","2.42621493677839","POINT (2.42621493677839 41.5410926306279)"
"5-1-03","325","166","159","30","31","25","21","56","62","35","30","20","15","127","41.5411699702612","2.42840097069089","POINT (2.42840097069089 41.5411699702612)"
"5-1-12","356","196","160","41","36","28","19","58","52","49","42","20","11","160","41.5412063508989","2.4345344594471","POINT (2.4345344594471 41.5412063508989)"
"2-11-11","331","164","167","34","41","13","15","48","54","37","37","32","20","136","41.5411962834364","2.45300980151138","POINT (2.45300980151138 41.5411962834364)"
"1-5-04","214","107","107","16","20","21","13","25","37","33","30","12","7","92","41.5411778577351","2.44170104467768","POINT (2.44170104467768 41.5411778577351)"
"1-3-07","160","78","82","7","7","10","16","23","22","23","25","15","12","91","41.5412031489024","2.44530709235038","POINT (2.44530709235038 41.5412031489024)"
"1-5-01","99","63","36","12","7","11","5","17","12","8","7","15","5","35","41.5413442520476","2.44342517418366","POINT (2.44342517418366 41.5413442520476)"
"2-9-01","177","91","86","17","16","10","16","24","25","30","21","10","8","92","41.5411559999047","2.44721901010284","POINT (2.44721901010284 41.5411559999047)"
"1-6-04","246","137","109","21","17","21","15","32","34","33","29","30","14","112","41.5414659082159","2.43912936687102","POINT (2.43912936687102 41.5414659082159)"
"2-3-16","235","115","120","30","38","1","2","61","58","18","15","5","7","117","41.5414698112962","2.45401272160943","POINT (2.45401272160943 41.5414698112962)"
"1-3-08","52","25","27","5","6","3","5","5","8","7","6","5","2","18","41.5417070585599","2.44532172349072","POINT (2.44532172349072 41.5417070585599)"
"2-11-03","255","140","115","33","24","15","10","45","37","23","30","24","14","122","41.5414817468393","2.45144280690097","POINT (2.45144280690097 41.5414817468393)"
"4-6-01","249","136","113","21","19","17","14","27","36","44","28","27","16","112","41.5414810329221","2.43588064372235","POINT (2.43588064372235 41.5414810329221)"
"2-11-10","25","9","16","0","6","1","1","6","4","2","5","0","0","10","41.5417057710085","2.45277165034228","POINT (2.45277165034228 41.5417057710085)"
"1-6-02","184","92","92","19","21","12","8","29","41","19","13","13","9","93","41.5416200342299","2.44051921337206","POINT (2.44051921337206 41.5416200342299)"
"5-16-03","100","54","46","5","3","7","12","12","12","18","6","12","13","30","41.5415368931146","2.42521104611411","POINT (2.42521104611411 41.5415368931146)"
"1-3-09","34","17","17","1","1","1","4","2","3","7","6","6","3","14","41.5416486364625","2.44435610889695","POINT (2.44435610889695 41.5416486364625)"
"1-6-06","259","122","137","11","28","15","15","44","50","34","35","18","9","99","41.5415456184114","2.43774488653248","POINT (2.43774488653248 41.5415456184114)"
"1-5-05","111","55","56","9","9","8","10","13","17","17","15","8","5","50","41.5417294440389","2.44179842408239","POINT (2.44179842408239 41.5417294440389)"
"5-15-03","236","123","113","24","19","20","18","29","39","33","27","17","10","79","41.5416252649432","2.42588303431167","POINT (2.42588303431167 41.5416252649432)"
"2-3-01","287","149","138","22","30","20","11","49","54","47","29","11","14","138","41.5417401133504","2.45513792965847","POINT (2.45513792965847 41.5417401133504)"
"2-9-05","82","46","36","9","7","5","5","15","13","11","10","6","1","31","41.5420855430575","2.44824190788135","POINT (2.44824190788135 41.5420855430575)"
"2-11-02","174","89","85","11","17","11","8","36","34","14","19","17","7","88","41.5421017579426","2.45062516789333","POINT (2.45062516789333 41.5421017579426)"
"5-15-02","344","162","182","29","29","19","35","54","54","40","51","20","13","130","41.5420565557743","2.4263791120383","POINT (2.4263791120383 41.5420565557743)"
"1-9-01","131","70","61","15","11","3","8","19","15","20","13","13","14","75","41.542251789436","2.44035434475642","POINT (2.44035434475642 41.542251789436)"
"1-9-03","158","88","70","16","15","13","8","24","20","23","20","12","7","75","41.5428232649575","2.44018035095568","POINT (2.44018035095568 41.5428232649575)"
"2-9-03","144","69","75","6","9","10","13","19","28","23","18","11","7","52","41.5427793811205","2.44741640223972","POINT (2.44741640223972 41.5427793811205)"
"5-5-03","262","137","125","13","18","24","22","42","41","41","36","17","8","121","41.5427645212096","2.42281045323272","POINT (2.42281045323272 41.5427645212096)"
"1-9-05","427","219","208","24","32","24","29","56","57","69","62","46","28","210","41.5426127019759","2.43897242984299","POINT (2.43897242984299 41.5426127019759)"
"2-11-08","385","195","190","46","26","23","25","68","88","41","34","17","17","139","41.5427223372865","2.45231128997017","POINT (2.45231128997017 41.5427223372865)"
"4-6-04","259","136","123","39","35","8","8","51","53","21","17","17","10","133","41.5429870737974","2.43393849630062","POINT (2.43393849630062 41.5429870737974)"
"5-3-03","163","72","91","14","13","9","20","22","35","21","17","6","6","60","41.5430505831361","2.42636801705664","POINT (2.42636801705664 41.5430505831361)"
"1-5-09","168","86","82","12","10","14","15","28","32","19","17","13","8","67","41.5430537569105","2.44124986013965","POINT (2.44124986013965 41.5430537569105)"
"2-9-08","261","140","121","27","30","17","14","49","42","32","30","15","5","119","41.5429633612686","2.44830827011664","POINT (2.44830827011664 41.5429633612686)"
"5-4-04","76","39","37","4","5","6","6","12","10","11","11","6","5","36","41.5431531637078","2.42433317801981","POINT (2.42433317801981 41.5431531637078)"
"2-9-04","48","22","26","5","2","3","3","5","13","6","7","3","1","26","41.5424538297375","2.44769944598189","POINT (2.44769944598189 41.5424538297375)"
"5-5-02","218","104","114","22","24","17","21","37","44","19","18","9","7","86","41.5423161785566","2.42320673416195","POINT (2.42320673416195 41.5423161785566)"
"2-9-07","226","120","106","21","15","7","10","37","38","37","30","18","13","98","41.5423978320893","2.44924229752437","POINT (2.44924229752437 41.5423978320893)"
"5-2-01","347","169","178","42","42","32","30","44","61","38","34","13","11","85","41.542418698261","2.42820523833546","POINT (2.42820523833546 41.542418698261)"
"2-12-01","65","35","30","5","7","3","2","12","11","5","5","10","5","32","41.5424395773646","2.44645691609121","POINT (2.44645691609121 41.5424395773646)"
"2-11-06","222","114","108","18","23","14","14","43","43","24","17","15","11","94","41.542372039145","2.45134916199264","POINT (2.45134916199264 41.542372039145)"
"1-5-07","110","59","51","11","11","9","9","13","15","17","10","9","6","57","41.5425841838099","2.4414246130749","POINT (2.4414246130749 41.5425841838099)"
"5-4-01","79","41","38","11","5","4","8","8","6","11","15","7","4","34","41.5423350806821","2.42463466628069","POINT (2.42463466628069 41.5423350806821)"
"5-3-01","395","180","215","44","50","35","50","52","71","36","36","13","8","76","41.5426248251973","2.4257115772699","POINT (2.4257115772699 41.5426248251973)"
"4-6-03","115","57","58","10","11","6","5","13","18","17","17","11","7","45","41.5426921475434","2.4343389972828","POINT (2.4343389972828 41.5426921475434)"
"1-3-10","135","70","65","9","14","11","9","20","18","17","16","13","8","45","41.5423095963094","2.4458436087158","POINT (2.4458436087158 41.5423095963094)"
"5-5-01","346","170","176","28","33","28","30","51","56","42","43","21","14","159","41.5423775122578","2.42185699556647","POINT (2.42185699556647 41.5423775122578)"
"5-6-03","841","411","430","84","81","60","64","132","159","94","101","41","25","275","41.5419107379263","2.4217856058358","POINT (2.4217856058358 41.5419107379263)"
"5-15-01","295","150","145","21","23","21","22","37","36","54","46","17","18","142","41.5425940677653","2.42693696122413","POINT (2.42693696122413 41.5425940677653)"
"1-5-03","161","81","80","10","11","11","13","22","28","24","18","14","10","86","41.5426223210006","2.44263178928849","POINT (2.44263178928849 41.5426223210006)"
"5-4-03","79","40","39","5","5","3","8","11","13","15","9","6","4","51","41.5427152722582","2.42401331042691","POINT (2.42401331042691 41.5427152722582)"
"5-1-09","188","82","106","6","16","9","22","20","15","36","41","11","12","102","41.5427561941662","2.4328995774041","POINT (2.4328995774041 41.5427561941662)"
"5-20-01","643","298","345","69","73","48","50","96","125","54","73","31","24","182","41.5415038015685","2.42735893292591","POINT (2.42735893292591 41.5415038015685)"
"1-5-06","102","59","43","12","6","9","7","16","11","9","9","13","10","42","41.5421526258563","2.44159687032883","POINT (2.44159687032883 41.5421526258563)"
"2-9-02","161","95","66","17","13","14","8","32","20","14","16","18","9","65","41.5420087802434","2.44712967956477","POINT (2.44712967956477 41.5420087802434)"
"2-12-02","285","143","142","16","26","25","22","37","38","44","43","21","13","137","41.5433497340932","2.44700750094459","POINT (2.44700750094459 41.5433497340932)"
"5-2-07","31","12","19","2","3","3","3","4","10","3","3","0","0","6","41.5440201872605","2.42724485892402","POINT (2.42724485892402 41.5440201872605)"
"2-8-04","209","107","102","19","18","16","13","29","34","29","27","14","10","109","41.5436992976132","2.44628244410702","POINT (2.44628244410702 41.5436992976132)"
"1-5-11","302","159","143","16","16","31","22","34","43","54","49","24","13","140","41.5437608428844","2.44097680955636","POINT (2.44097680955636 41.5437608428844)"
"4-6-08","296","143","153","34","43","13","11","76","75","15","21","5","3","128","41.5439531230744","2.43388274768161","POINT (2.43388274768161 41.5439531230744)"
"2-3-08","226","101","125","21","19","14","25","37","39","24","34","5","8","63","41.5441764736565","2.45448185384362","POINT (2.45448185384362 41.5441764736565)"
"1-5-10","258","145","113","29","16","13","17","33","30","36","33","34","17","124","41.5439583820763","2.44193597500045","POINT (2.44193597500045 41.5439583820763)"
"5-3-07","193","90","103","18","21","7","12","28","35","20","23","17","12","60","41.5441834070015","2.42506052260586","POINT (2.42506052260586 41.5441834070015)"
"5-4-08","365","176","189","25","22","28","31","42","52","67","64","14","20","215","41.5439293932332","2.42368744959939","POINT (2.42368744959939 41.5439293932332)"
"5-4-02","84","43","41","6","8","6","6","15","8","7","12","9","7","23","41.5430246490959","2.42489492861642","POINT (2.42489492861642 41.5430246490959)"
"5-2-05","304","154","150","29","35","20","28","46","41","37","28","22","18","119","41.5431007108335","2.42724224062005","POINT (2.42724224062005 41.5431007108335)"
"5-3-02","204","106","98","20","21","8","10","34","34","22","22","22","11","78","41.5431035244867","2.42568204775156","POINT (2.42568204775156 41.5431035244867)"
"5-2-02","360","174","186","27","39","22","17","53","72","44","42","28","16","180","41.5429330223271","2.42894981187154","POINT (2.42894981187154 41.5429330223271)"
"2-9-09","159","86","73","12","11","10","14","23","20","26","19","15","9","78","41.5431659306102","2.44902520107419","POINT (2.44902520107419 41.5431659306102)"
"1-5-08","128","65","63","10","8","15","15","17","17","15","19","8","4","68","41.5433068822249","2.44225340620915","POINT (2.44225340620915 41.5433068822249)"
"5-4-06","134","63","71","4","12","12","9","20","22","16","22","11","6","56","41.5432909344887","2.42284935614298","POINT (2.42284935614298 41.5432909344887)"
"5-1-10","177","97","80","25","21","10","8","45","40","13","8","4","3","64","41.5433162414832","2.43236116994607","POINT (2.43236116994607 41.5433162414832)"
"2-8-02","157","85","72","11","13","13","10","24","21","24","18","13","10","72","41.5431213292443","2.44549591416768","POINT (2.44549591416768 41.5431213292443)"
"2-3-12","353","178","175","47","38","22","29","55","51","37","43","17","14","181","41.5434106118473","2.45472949484148","POINT (2.45472949484148 41.5434106118473)"
"5-5-04","177","94","83","14","24","15","7","30","27","21","16","14","9","60","41.5430824772337","2.4220742960409","POINT (2.4220742960409 41.5430824772337)"
"5-2-03","208","101","107","12","19","18","13","29","45","26","16","16","14","113","41.5431684524342","2.42841797864174","POINT (2.42841797864174 41.5431684524342)"
"2-11-01","203","110","93","16","14","17","16","34","28","26","23","17","12","89","41.543413141227","2.44975460375861","POINT (2.44975460375861 41.543413141227)"
"4-6-06","138","64","74","17","24","6","8","31","29","7","12","3","1","65","41.5436479847691","2.43315980244653","POINT (2.43315980244653 41.5436479847691)"
"4-6-09","477","240","237","54","61","26","22","86","77","57","60","17","17","243","41.5434132652069","2.43470331502124","POINT (2.43470331502124 41.5434132652069)"
"1-9-04","300","163","137","22","13","17","18","29","37","46","38","49","31","151","41.5434087924503","2.44006316532521","POINT (2.44006316532521 41.5434087924503)"
"5-4-07","135","65","70","10","8","11","15","11","27","18","14","15","6","43","41.5436495897056","2.42308160516504","POINT (2.42308160516504 41.5436495897056)"
"5-4-05","81","39","42","6","5","2","4","9","12","15","16","7","5","48","41.5435272112639","2.42462002875002","POINT (2.42462002875002 41.5435272112639)"
"2-11-04","59","27","32","3","4","3","6","4","7","8","7","9","8","32","41.5436836143138","2.45062186297361","POINT (2.45062186297361 41.5436836143138)"
"5-3-04","144","74","70","16","13","6","7","26","25","16","17","10","8","49","41.5435796324729","2.42585097709747","POINT (2.42585097709747 41.5435796324729)"
"2-7-01","77","39","38","5","12","4","5","16","10","7","7","7","4","36","41.5437143834526","2.44789379241133","POINT (2.44789379241133 41.5437143834526)"
"5-3-05","88","44","44","11","9","5","2","15","16","9","11","4","6","38","41.5437399248889","2.42515311914043","POINT (2.42515311914043 41.5437399248889)"
"5-2-11","177","92","85","27","20","9","10","33","31","14","18","9","6","84","41.5436629667332","2.42808434567726","POINT (2.42808434567726 41.5436629667332)"
"2-7-04","35","20","15","3","1","4","3","7","8","2","2","4","1","14","41.5439137899061","2.44853913764706","POINT (2.44853913764706 41.5439137899061)"
"1-3-13","115","52","63","6","10","7","9","19","10","12","12","8","22","43","41.543489236579","2.44372876668643","POINT (2.44372876668643 41.543489236579)"
"5-4-09","131","62","69","9","8","13","19","19","20","17","20","4","2","75","41.5443384916369","2.42401673686421","POINT (2.42401673686421 41.5443384916369)"
"2-3-09","59","24","35","5","9","1","4","8","10","8","7","2","5","21","41.5446092990051","2.45437433187119","POINT (2.45437433187119 41.5446092990051)"
"5-3-08","112","62","50","12","8","10","4","21","20","13","14","6","4","61","41.5445283073467","2.42466167239222","POINT (2.42466167239222 41.5445283073467)"
"5-3-09","188","105","83","14","12","16","9","19","19","39","34","17","9","114","41.5445713483279","2.42609766304946","POINT (2.42609766304946 41.5445713483279)"
"2-7-06","98","58","40","15","7","5","5","18","13","11","9","9","6","40","41.5453473478791","2.44825472346239","POINT (2.44825472346239 41.5453473478791)"
"4-9-01","458","235","223","57","61","21","19","96","84","43","41","18","18","215","41.5452060684729","2.43688783313138","POINT (2.43688783313138 41.5452060684729)"
"2-12-03","1010","540","470","81","89","64","57","152","152","140","115","103","57","409","41.5452959326888","2.44658280912814","POINT (2.44658280912814 41.5452959326888)"
"2-7-03","167","88","79","10","15","16","13","31","26","19","21","12","4","86","41.5451524092842","2.44758317689284","POINT (2.44758317689284 41.5451524092842)"
"2-4-02","194","86","108","20","26","10","14","33","44","15","19","8","5","43","41.5457734654559","2.45381148797696","POINT (2.45381148797696 41.5457734654559)"
"2-4-01","191","89","102","30","29","11","14","30","37","11","18","7","4","38","41.5457938079962","2.45327176368293","POINT (2.45327176368293 41.5457938079962)"
"4-5-23","182","96","86","23","26","7","5","35","26","18","19","13","10","94","41.5455511781265","2.43093111837401","POINT (2.43093111837401 41.5455511781265)"
"4-5-17","46","23","23","4","2","2","5","4","4","9","10","4","2","40","41.545510724682","2.42907549730282","POINT (2.42907549730282 41.545510724682)"
"2-7-08","141","77","64","13","9","11","5","20","26","19","15","14","9","58","41.5444611111252","2.45023608570904","POINT (2.45023608570904 41.5444611111252)"
"4-8-02","249","117","132","28","28","9","16","47","59","20","20","13","9","121","41.5445294012856","2.43468019116368","POINT (2.43468019116368 41.5445294012856)"
"5-3-10","156","81","75","12","12","16","12","21","22","27","27","5","2","84","41.5447654482924","2.42524008460326","POINT (2.42524008460326 41.5447654482924)"
"2-3-07","37","19","18","3","1","2","3","6","6","4","4","4","4","17","41.5449303412146","2.45436624426619","POINT (2.45436624426619 41.5449303412146)"
"4-6-07","182","84","98","24","34","8","12","33","31","17","19","2","2","82","41.5445036069637","2.43309938462001","POINT (2.43309938462001 41.5445036069637)"
"5-1-11","416","210","206","44","49","23","22","85","70","45","46","13","19","204","41.5442028550413","2.43186479346066","POINT (2.43186479346066 41.5442028550413)"
"4-5-18","30","15","15","1","0","2","3","2","3","9","6","1","3","19","41.5447062446263","2.42928158911713","POINT (2.42928158911713 41.5447062446263)"
"2-3-03","80","30","50","7","5","5","6","10","26","5","12","3","1","17","41.5449423854575","2.45380900574912","POINT (2.45380900574912 41.5449423854575)"
"2-3-06","52","23","29","4","5","4","9","8","7","7","7","0","1","8","41.5450324714505","2.454014582871","POINT (2.454014582871 41.5450324714505)"
"4-5-19","88","47","41","5","6","11","7","11","8","14","15","6","5","48","41.5446453466186","2.42984412068795","POINT (2.42984412068795 41.5446453466186)"
"5-4-12","30","17","13","3","2","2","2","5","3","5","2","2","4","21","41.5446513334512","2.42176105424599","POINT (2.42176105424599 41.5446513334512)"
"2-3-04","29","21","8","4","2","2","0","8","3","4","2","3","1","5","41.5452813330955","2.45378559099899","POINT (2.45378559099899 41.5452813330955)"
"2-3-05","59","27","32","6","9","2","2","7","12","7","5","5","4","15","41.5452424065088","2.4541775710416","POINT (2.4541775710416 41.5452424065088)"
"2-7-13","276","142","134","27","30","13","17","73","64","22","19","7","4","82","41.5448603765692","2.44881944383704","POINT (2.44881944383704 41.5448603765692)"
"5-21-01","365","181","184","26","31","28","26","51","53","59","58","17","16","211","41.5450654152158","2.42636621847905","POINT (2.42636621847905 41.5450654152158)"
"5-21-02","214","101","113","12","13","18","35","21","18","38","36","12","11","121","41.54528448523","2.42526196590097","POINT (2.42526196590097 41.54528448523)"
"2-7-11","233","124","109","34","22","7","10","47","38","23","27","13","12","124","41.545231476831","2.45251964355651","POINT (2.45251964355651 41.545231476831)"
"2-8-03","622","321","301","44","50","34","36","77","84","99","82","67","49","312","41.5446801898692","2.44586168173452","POINT (2.44586168173452 41.5446801898692)"
"5-3-06","302","143","159","18","37","27","18","36","48","44","35","18","21","169","41.5438280624259","2.4262606915512","POINT (2.4262606915512 41.5438280624259)"
"5-2-09","169","91","78","11","12","24","12","23","29","29","20","4","5","92","41.5441776470935","2.42678805974899","POINT (2.42678805974899 41.5441776470935)"
"2-7-07","113","61","52","7","14","5","2","22","20","18","13","9","3","40","41.5441570099678","2.44929180489271","POINT (2.44929180489271 41.5441570099678)"
"2-7-02","112","44","68","2","17","4","6","20","24","12","15","6","6","38","41.5442467884311","2.44760704529554","POINT (2.44760704529554 41.5442467884311)"
"4-4-16","68","34","34","7","12","4","2","13","12","7","7","3","1","31","41.5467029834426","2.43124481201491","POINT (2.43124481201491 41.5467029834426)"
"5-21-04","33","16","17","0","1","1","3","1","3","11","9","3","1","26","41.5458880719602","2.4266237653581","POINT (2.4266237653581 41.5458880719602)"
"4-3-09","39","17","22","1","3","3","6","5","6","2","4","6","3","20","41.5468498543627","2.4334673795151","POINT (2.4334673795151 41.5468498543627)"
"4-5-03","109","54","55","6","9","11","10","20","17","9","15","8","4","45","41.5464769002077","2.42863895388195","POINT (2.42863895388195 41.5464769002077)"
"4-3-02","182","93","89","11","11","14","12","18","23","30","32","20","11","108","41.5467133598671","2.43426432790439","POINT (2.43426432790439 41.5467133598671)"
"3-1-09","61","32","29","4","6","5","4","6","5","7","6","10","8","31","41.5468550746415","2.45009318668223","POINT (2.45009318668223 41.5468550746415)"
"4-5-02","151","76","75","17","7","5","13","23","26","24","24","7","5","94","41.5467994502378","2.42928694346399","POINT (2.42928694346399 41.5467994502378)"
"4-3-08","43","20","23","3","3","3","2","4","10","9","7","1","1","20","41.546993393331","2.4339648949609","POINT (2.4339648949609 41.546993393331)"
"3-10-02","49","25","24","4","1","3","3","6","7","7","8","5","5","23","41.5469771353939","2.44459806551201","POINT (2.44459806551201 41.5469771353939)"
"5-21-03","154","87","67","13","9","12","5","22","24","28","13","12","16","98","41.5456577427928","2.42452344719865","POINT (2.42452344719865 41.5456577427928)"
"3-1-03","32","16","16","1","3","1","3","4","2","5","6","5","2","23","41.5460413516295","2.44834105823377","POINT (2.44834105823377 41.5460413516295)"
"2-4-03","708","316","392","98","84","48","75","95","148","50","73","25","12","91","41.5461728642547","2.45345997469611","POINT (2.45345997469611 41.5461728642547)"
"5-4-11","26","16","10","3","1","4","2","2","2","3","4","4","1","17","41.545094866608","2.42321706180154","POINT (2.42321706180154 41.545094866608)"
"4-5-01","78","43","35","9","3","1","3","12","17","12","8","9","4","45","41.546043956691","2.42826231262359","POINT (2.42826231262359 41.546043956691)"
"4-5-16","376","191","185","30","32","25","26","56","57","52","48","28","22","216","41.545951798613","2.4295690337733","POINT (2.4295690337733 41.545951798613)"
"3-1-05","35","18","17","4","5","0","2","8","6","4","2","2","2","19","41.5462441253412","2.44949188023687","POINT (2.44949188023687 41.5462441253412)"
"4-4-14","258","129","129","34","36","11","17","52","49","22","20","10","7","139","41.5461511169162","2.4313948210987","POINT (2.4313948210987 41.5461511169162)"
"4-4-13","47","21","26","1","4","5","2","7","11","7","8","1","1","21","41.5462167348146","2.43248538823408","POINT (2.43248538823408 41.5462167348146)"
"3-11-02","260","126","134","21","34","15","15","45","50","33","27","12","8","108","41.5463429279105","2.44696887410212","POINT (2.44696887410212 41.5463429279105)"
"4-4-15","61","33","28","4","5","5","2","6","8","12","10","6","3","35","41.54642100347","2.43071076141516","POINT (2.43071076141516 41.54642100347)"
"2-4-04","456","203","253","46","67","36","35","60","83","46","60","15","8","62","41.5465714530304","2.45332624251811","POINT (2.45332624251811 41.5465714530304)"
"4-5-05","273","143","130","20","26","20","16","51","43","33","33","19","12","116","41.5462113807809","2.42767293770965","POINT (2.42767293770965 41.5462113807809)"
"3-10-01","544","295","249","31","37","35","37","62","57","92","63","75","55","232","41.5459792223802","2.44364097608104","POINT (2.44364097608104 41.5459792223802)"
"4-1-06","198","102","96","13","22","13","5","38","40","20","16","18","13","82","41.547011362911","2.44055530639173","POINT (2.44055530639173 41.547011362911)"
"2-5-02","367","194","173","35","21","22","17","44","57","41","44","52","34","145","41.547177062917","2.4529939267656","POINT (2.4529939267656 41.547177062917)"
"3-1-07","38","20","18","5","6","3","2","3","4","3","2","6","4","8","41.5471370769098","2.44825587540309","POINT (2.44825587540309 41.5471370769098)"
"3-11-03","368","187","181","25","29","31","33","46","46","54","49","31","24","172","41.5470996180284","2.44699684696957","POINT (2.44699684696957 41.5470996180284)"
"4-5-14","50","27","23","7","6","3","2","10","11","5","1","2","3","22","41.5475476119327","2.42756315480059","POINT (2.42756315480059 41.5475476119327)"
"3-1-10","148","71","77","11","10","12","17","14","26","20","18","14","6","41","41.5477740694056","2.44829564634029","POINT (2.44829564634029 41.5477740694056)"
"3-11-06","126","60","66","8","12","8","8","15","27","16","9","13","10","27","41.5478301856036","2.44745134146019","POINT (2.44745134146019 41.5478301856036)"
"3-2-01","716","304","412","87","85","51","68","89","175","41","62","36","22","103","41.5476886585714","2.45057716316195","POINT (2.45057716316195 41.5476886585714)"
"3-11-05","162","86","76","17","10","8","13","27","24","20","16","14","13","41","41.5478500615884","2.4466936134906","POINT (2.4466936134906 41.5478500615884)"
"4-1-09","109","59","50","10","12","9","4","21","18","10","10","9","6","44","41.5477342681601","2.44073590505941","POINT (2.44073590505941 41.5477342681601)"
"3-11-04","105","57","48","3","8","7","5","18","16","10","12","19","7","43","41.5478819669415","2.44575289451146","POINT (2.44575289451146 41.5478819669415)"
"3-1-15","152","81","71","27","14","12","17","24","22","12","14","6","4","23","41.5479589054404","2.44985055211538","POINT (2.44985055211538 41.5479589054404)"
"4-4-12","234","125","109","25","28","14","13","49","36","28","27","9","5","133","41.5472936527628","2.43267228311711","POINT (2.43267228311711 41.5472936527628)"
"4-3-04","155","77","78","9","11","13","14","22","28","18","16","15","9","53","41.547644624053","2.43468124181254","POINT (2.43468124181254 41.547644624053)"
"2-5-03","142","82","60","10","5","11","9","14","10","28","25","19","11","69","41.5478541798566","2.45222371076605","POINT (2.45222371076605 41.5478541798566)"
"4-9-04","51","32","19","7","1","4","3","9","8","5","3","7","4","30","41.5468445674206","2.43653465478829","POINT (2.43653465478829 41.5468445674206)"
"4-5-09","48","21","27","7","9","3","3","8","7","3","7","0","1","24","41.5471797794744","2.42846806843655","POINT (2.42846806843655 41.5471797794744)"
"3-11-01","465","251","214","36","38","37","38","71","48","69","66","38","24","220","41.5465977944714","2.44585634215077","POINT (2.44585634215077 41.5465977944714)"
"4-3-07","163","74","89","13","12","9","14","27","32","17","20","8","11","85","41.5472166543936","2.43374883150006","POINT (2.43374883150006 41.5472166543936)"
"4-4-18","202","93","109","20","29","10","13","34","43","23","23","6","1","110","41.5471238758545","2.43107642971956","POINT (2.43107642971956 41.5471238758545)"
"3-10-04","33","16","17","2","3","0","1","4","2","6","5","4","6","29","41.5472049008599","2.44397620534615","POINT (2.44397620534615 41.5472049008599)"
"5-21-05","85","45","40","3","3","3","4","10","9","21","16","8","8","58","41.5468704272014","2.42566387291752","POINT (2.42566387291752 41.5468704272014)"
"4-1-11","37","23","14","5","4","0","1","4","5","7","1","7","3","17","41.5473456609719","2.43991751551942","POINT (2.43991751551942 41.5473456609719)"
"3-9-01","38","20","18","5","2","1","1","5","7","5","4","4","4","23","41.5473302339102","2.44232113265956","POINT (2.44232113265956 41.5473302339102)"
"2-5-04","197","103","94","14","15","8","6","24","25","36","30","21","18","86","41.5475603256009","2.45294993280837","POINT (2.45294993280837 41.5475603256009)"
"2-5-01","334","170","164","36","33","20","23","61","62","23","21","30","25","112","41.5473951687472","2.45185510657687","POINT (2.45185510657687 41.5473951687472)"
"4-1-07","131","68","63","9","15","4","4","26","25","15","8","14","11","66","41.5473840065612","2.44133608901143","POINT (2.44133608901143 41.5473840065612)"
"4-1-10","54","32","22","3","1","2","1","11","7","7","8","9","5","34","41.547513263947","2.4403005202999","POINT (2.4403005202999 41.547513263947)"
"3-1-12","221","109","112","22","22","17","20","32","42","26","23","12","5","30","41.5476010666345","2.44986446350935","POINT (2.44986446350935 41.5476010666345)"
"4-3-03","142","64","78","13","11","6","13","18","31","11","12","16","11","53","41.5473728399396","2.43492046422419","POINT (2.43492046422419 41.5473728399396)"
"4-4-19","225","119","106","31","16","11","12","42","43","30","32","5","3","135","41.547411805636","2.42992930085149","POINT (2.42992930085149 41.547411805636)"
"4-4-01","116","64","52","5","2","13","12","13","12","17","15","16","11","54","41.547540527153","2.4335283460484","POINT (2.4335283460484 41.547540527153)"
"4-9-05","148","73","75","11","11","7","16","24","19","21","25","10","4","69","41.5475237236613","2.43591595224019","POINT (2.43591595224019 41.5475237236613)"
"3-1-11","132","60","72","5","11","5","9","16","19","16","24","18","9","45","41.5476868411647","2.449138268213","POINT (2.449138268213 41.5476868411647)"
"3-10-05","43","26","17","3","0","6","5","1","3","11","6","5","3","22","41.5467752150973","2.44285041166172","POINT (2.44285041166172 41.5467752150973)"
"4-4-17","167","83","84","19","23","13","8","32","29","14","19","5","5","101","41.546781708632","2.4303235882963","POINT (2.4303235882963 41.546781708632)"
"3-1-08","63","34","29","6","3","1","1","5","13","8","5","14","7","23","41.5470406639371","2.44917508624342","POINT (2.44917508624342 41.5470406639371)"
"4-5-12","139","72","67","13","9","14","15","23","24","15","15","7","4","63","41.5469589725782","2.42734254089486","POINT (2.42734254089486 41.5469589725782)"
"3-1-02","30","15","15","0","1","1","5","2","0","5","4","7","5","15","41.5467610622035","2.44786315468317","POINT (2.44786315468317 41.5467610622035)"
"4-4-03","261","127","134","26","23","17","18","26","39","33","37","25","17","84","41.5482636418479","2.43323168008688","POINT (2.43323168008688 41.5482636418479)"
"4-3-05","91","51","40","11","4","6","4","13","14","7","9","14","9","32","41.5487147212648","2.43428279135764","POINT (2.43428279135764 41.5487147212648)"
"3-9-07","96","48","48","5","7","5","5","7","10","17","10","14","16","55","41.548284277358","2.44347886056125","POINT (2.44347886056125 41.548284277358)"
"3-11-10","50","20","30","3","4","4","4","4","12","5","6","4","4","24","41.5487545046542","2.44755972990937","POINT (2.44755972990937 41.5487545046542)"
"4-5-15","423","215","208","55","46","32","36","69","74","50","46","9","6","247","41.5482691814913","2.42679750250096","POINT (2.42679750250096 41.5482691814913)"
"4-7-03","262","131","131","23","24","13","17","37","30","32","40","26","20","135","41.5485603944314","2.42931290033104","POINT (2.42931290033104 41.5485603944314)"
"4-2-03","111","56","55","8","10","6","8","20","19","9","12","13","6","48","41.5488176700034","2.43563167663274","POINT (2.43563167663274 41.5488176700034)"
"3-1-14","68","31","37","3","6","7","7","8","15","7","5","6","4","16","41.5480289321803","2.44920346893749","POINT (2.44920346893749 41.5480289321803)"
"4-1-08","160","79","81","17","12","9","15","24","29","16","14","13","11","52","41.5479050267102","2.44111185987985","POINT (2.44111185987985 41.5479050267102)"
"3-1-13","48","25","23","3","6","5","4","5","6","7","5","5","2","16","41.5481078229563","2.44839579407065","POINT (2.44839579407065 41.5481078229563)"
"4-4-20","189","91","98","14","16","13","14","29","30","25","27","10","11","133","41.5477482659011","2.43096167541931","POINT (2.43096167541931 41.5477482659011)"
"3-11-08","87","47","40","13","9","4","4","15","13","7","6","8","8","30","41.548174862734","2.44752891947907","POINT (2.44752891947907 41.548174862734)"
"3-11-07","91","38","53","4","10","3","8","10","12","10","16","11","7","21","41.5481956350386","2.44673510403518","POINT (2.44673510403518 41.5481956350386)"
"3-9-04","36","17","19","4","3","0","2","3","4","5","7","5","3","20","41.5480664086895","2.44431983320292","POINT (2.44431983320292 41.5480664086895)"
"4-5-08","136","65","71","12","14","6","9","24","23","17","22","6","3","78","41.5476849437194","2.42828620126187","POINT (2.42828620126187 41.5476849437194)"
"3-9-05","50","23","27","4","5","2","1","5","11","5","5","7","5","22","41.5482626535752","2.44465452550175","POINT (2.44465452550175 41.5482626535752)"
"3-7-01","263","123","140","19","30","20","16","37","49","28","33","19","12","98","41.5483021581954","2.44188455933847","POINT (2.44188455933847 41.5483021581954)"
"3-2-03","519","258","261","69","80","33","29","77","85","48","54","31","13","88","41.5483162709512","2.4505580246365","POINT (2.4505580246365 41.5483162709512)"
"2-5-06","342","175","167","18","27","29","15","50","57","53","50","25","18","144","41.5482817442722","2.45279571473046","POINT (2.45279571473046 41.5482817442722)"
"4-3-06","209","90","119","11","24","16","25","27","33","20","21","16","16","60","41.5481713120243","2.4343804541484","POINT (2.4343804541484 41.5481713120243)"
"3-9-06","21","13","8","3","0","2","3","2","2","3","2","3","1","5","41.5484458959135","2.44490561113891","POINT (2.44490561113891 41.5484458959135)"
"3-2-02","891","402","489","83","96","60","75","117","171","81","109","61","38","166","41.5481857299592","2.45139862902158","POINT (2.45139862902158 41.5481857299592)"
"4-1-13","176","98","78","21","10","9","11","30","21","26","28","12","8","102","41.5482899743088","2.44020619726033","POINT (2.44020619726033 41.5482899743088)"
"3-11-09","55","26","29","1","6","3","4","6","5","10","12","6","2","27","41.548487948519","2.44774356608221","POINT (2.44774356608221 41.548487948519)"
"4-7-02","214","105","109","21","31","14","11","41","30","18","27","11","10","148","41.5482318507583","2.42903285037151","POINT (2.42903285037151 41.5482318507583)"
"3-9-02","261","133","128","18","15","16","21","33","36","40","34","26","22","114","41.5482152363319","2.44261642920249","POINT (2.44261642920249 41.5482152363319)"
"4-7-01","57","31","26","6","3","5","3","6","11","10","9","4","0","44","41.5485152404537","2.42806931563531","POINT (2.42806931563531 41.5485152404537)"
"4-4-02","166","91","75","19","12","6","7","30","28","19","20","17","8","87","41.5482078505865","2.43380921526762","POINT (2.43380921526762 41.5482078505865)"
"4-1-14","187","85","102","10","19","10","15","21","32","27","20","17","16","94","41.548450339659","2.44066745836131","POINT (2.44066745836131 41.548450339659)"
"3-7-02","89","46","43","13","7","4","3","15","19","6","9","8","5","46","41.5486187310242","2.44146967201722","POINT (2.44146967201722 41.5486187310242)"
"3-3-01","455","212","243","35","43","32","46","56","70","51","66","38","18","109","41.5486298864174","2.45211552493283","POINT (2.45211552493283 41.5486298864174)"
"3-1-17","748","325","423","62","78","48","90","101","142","67","81","47","32","153","41.5485022912838","2.44943666252751","POINT (2.44943666252751 41.5485022912838)"
"3-7-03","172","90","82","18","21","11","7","30","25","17","17","14","12","84","41.5487488553495","2.44217510885307","POINT (2.44217510885307 41.5487488553495)"
"4-4-04","66","31","35","5","3","4","7","9","9","7","14","6","2","27","41.5489422218758","2.43384251312118","POINT (2.43384251312118 41.5489422218758)"
"3-3-02","385","172","213","45","51","27","35","47","78","30","39","23","10","62","41.5488875455966","2.45043190110472","POINT (2.45043190110472 41.5488875455966)"
"3-8-02","122","68","54","8","6","10","8","17","17","20","13","13","10","45","41.5490992130234","2.44181620116559","POINT (2.44181620116559 41.5490992130234)"
"4-2-01","48","23","25","1","7","1","1","8","10","5","0","8","7","22","41.5490265675485","2.43652883084733","POINT (2.43652883084733 41.5490265675485)"
"3-9-08","60","30","30","3","1","6","5","5","12","7","5","9","7","31","41.5489611413993","2.44407994645123","POINT (2.44407994645123 41.5489611413993)"
"4-1-15","89","51","38","13","8","3","2","16","13","10","9","9","6","37","41.5490355573311","2.4392212969623","POINT (2.4392212969623 41.5490355573311)"
"3-9-10","55","29","26","5","7","5","0","9","7","6","7","4","5","20","41.549704729765","2.44386952214626","POINT (2.44386952214626 41.549704729765)"
"3-4-02","296","155","141","48","26","22","19","39","51","27","32","19","13","70","41.5497819895549","2.45111478592513","POINT (2.45111478592513 41.5497819895549)"
"4-4-07","62","39","23","15","5","1","2","14","8","5","6","4","2","17","41.5497202137544","2.43266405400084","POINT (2.43266405400084 41.5497202137544)"
"3-7-07","66","41","25","12","5","6","3","15","8","6","4","2","5","36","41.5498646610526","2.44312470416903","POINT (2.44312470416903 41.5498646610526)"
"4-2-11","80","41","39","8","11","6","3","15","13","7","6","5","6","28","41.5498415542371","2.43512082934764","POINT (2.43512082934764 41.5498415542371)"
"3-8-04","231","116","115","12","15","20","17","23","30","40","37","21","16","96","41.5497625327738","2.44172906150648","POINT (2.44172906150648 41.5497625327738)"
"4-2-07","161","70","91","11","13","9","20","20","31","18","19","12","8","89","41.5497726652881","2.43364648322865","POINT (2.43364648322865 41.5497726652881)"
"3-8-03","239","113","126","10","15","7","22","37","36","33","30","26","23","122","41.5497473119991","2.44117674790618","POINT (2.44117674790618 41.5497473119991)"
"4-7-08","81","35","46","5","8","4","9","13","14","6","9","7","6","51","41.5489775812396","2.42703172278308","POINT (2.42703172278308 41.5489775812396)"
"4-4-21","186","92","94","19","21","14","13","33","34","20","21","6","5","101","41.5487953973945","2.43119060767249","POINT (2.43119060767249 41.5487953973945)"
"3-9-12","61","32","29","5","4","3","5","7","7","11","7","6","6","22","41.5490824230156","2.44452210724114","POINT (2.44452210724114 41.5490824230156)"
"4-2-02","65","32","33","0","8","1","5","12","9","11","8","8","3","34","41.5491892306675","2.43617036286676","POINT (2.43617036286676 41.5491892306675)"
"4-4-11","266","129","137","34","39","11","13","50","59","25","17","9","9","122","41.5487190763811","2.43246809335388","POINT (2.43246809335388 41.5487190763811)"
"4-4-05","114","59","55","12","8","6","7","19","23","14","15","8","2","52","41.5491291823333","2.43345967980898","POINT (2.43345967980898 41.5491291823333)"
"3-9-09","66","43","23","7","3","9","2","9","9","9","7","9","2","26","41.549101163933","2.44334726375404","POINT (2.44334726375404 41.549101163933)"
"3-3-04","365","181","184","41","44","19","23","51","57","50","44","20","16","108","41.5493410341296","2.45150087206049","POINT (2.45150087206049 41.5493410341296)"
"4-7-07","52","24","28","5","6","0","5","7","9","7","5","5","3","24","41.5490169597463","2.4275739556671","POINT (2.4275739556671 41.5490169597463)"
"4-7-06","189","94","95","10","18","17","14","29","26","22","25","16","12","104","41.5492769197056","2.42861911498558","POINT (2.42861911498558 41.5492769197056)"
"3-7-05","87","49","38","9","4","8","5","12","11","15","12","5","6","46","41.5494645822997","2.44301295827546","POINT (2.44301295827546 41.5494645822997)"
"4-2-06","128","60","68","7","8","5","12","16","19","15","15","17","14","55","41.5490503672913","2.43462538487965","POINT (2.43462538487965 41.5490503672913)"
"4-2-04","189","93","96","12","24","6","11","30","25","27","25","18","11","107","41.5493357945439","2.43549533645526","POINT (2.43549533645526 41.5493357945439)"
"4-4-06","135","70","65","15","7","7","14","23","22","17","16","8","6","60","41.5493645603327","2.43306693944407","POINT (2.43306693944407 41.5493645603327)"
"3-4-01","494","210","284","47","55","28","51","66","104","42","55","27","19","105","41.5494543683015","2.45016579414449","POINT (2.45016579414449 41.5494543683015)"
"4-2-05","110","59","51","11","10","5","13","21","11","12","11","10","6","55","41.5495361843585","2.43474261976252","POINT (2.43474261976252 41.5495361843585)"
"3-5-03","214","100","114","18","26","14","14","29","46","27","18","12","10","46","41.5494854718966","2.44865340370242","POINT (2.44865340370242 41.5494854718966)"
"3-5-02","512","236","276","42","54","34","47","72","97","65","53","23","25","118","41.5493640653419","2.44928101913746","POINT (2.44928101913746 41.5493640653419)"
"4-7-09","112","53","59","7","9","6","10","15","17","13","13","12","10","73","41.5495321108015","2.42726716339959","POINT (2.42726716339959 41.5495321108015)"
"4-7-04","107","56","51","13","6","4","4","16","17","9","14","14","10","50","41.5489193448307","2.42808905087499","POINT (2.42808905087499 41.5489193448307)"
"3-3-03","462","228","234","30","39","37","36","60","67","58","59","43","33","148","41.548971897525","2.45177237018139","POINT (2.45177237018139 41.548971897525)"
"3-8-01","162","85","77","16","13","7","11","31","31","19","16","12","6","58","41.5489944503914","2.44127111024683","POINT (2.44127111024683 41.5489944503914)"
"4-7-05","231","115","116","20","22","16","20","35","36","30","30","14","8","100","41.5488008324853","2.42969643213724","POINT (2.42969643213724 41.5488008324853)"
"3-7-04","152","80","72","16","10","8","13","25","27","20","17","11","5","66","41.5490624241515","2.4427345201505","POINT (2.4427345201505 41.5490624241515)"
"3-13-01","162","76","86","6","14","13","12","20","20","21","26","16","14","94","41.5508734531905","2.43869533082598","POINT (2.43869533082598 41.5508734531905)"
"3-4-07","285","150","135","35","28","18","16","41","40","36","33","20","18","99","41.5512541247291","2.44932545861766","POINT (2.44932545861766 41.5512541247291)"
"3-13-02","250","129","121","24","20","25","21","36","31","32","39","12","10","151","41.5512933087889","2.43782603528976","POINT (2.43782603528976 41.5512933087889)"
"3-5-07","193","97","96","17","21","14","15","32","31","17","20","17","9","65","41.5516569972593","2.44877636940082","POINT (2.44877636940082 41.5516569972593)"
"3-14-02","106","53","53","5","9","10","11","7","6","27","24","4","3","67","41.5516839075939","2.44430854163457","POINT (2.44430854163457 41.5516839075939)"
"3-9-18","432","203","229","25","22","28","53","39","54","82","72","29","28","264","41.5513423835223","2.44764098880506","POINT (2.44764098880506 41.5513423835223)"
"3-9-14","104","56","48","5","13","9","6","22","16","11","6","9","7","48","41.5501984261296","2.44439379133517","POINT (2.44439379133517 41.5501984261296)"
"4-4-10","151","82","69","20","19","6","4","33","22","16","14","7","10","68","41.5499171281997","2.43206085021809","POINT (2.43206085021809 41.5499171281997)"
"3-4-03","462","214","248","50","50","29","43","55","80","56","55","24","20","103","41.5501600431712","2.45053963104225","POINT (2.45053963104225 41.5501600431712)"
"3-7-08","60","30","30","4","4","4","6","9","7","4","6","9","7","21","41.5502695365276","2.44367693001233","POINT (2.44367693001233 41.5502695365276)"
"3-4-05","277","128","149","31","26","16","28","34","56","26","24","21","15","40","41.5502853815497","2.44953333951924","POINT (2.44953333951924 41.5502853815497)"
"3-7-10","76","37","39","5","7","3","7","8","13","10","10","11","2","31","41.5503303457596","2.44309316687561","POINT (2.44309316687561 41.5503303457596)"
"4-2-08","345","168","177","43","34","17","25","56","57","29","45","23","16","121","41.5501581563785","2.43409904919909","POINT (2.43409904919909 41.5501581563785)"
"3-7-11","217","110","107","20","24","14","10","36","34","25","26","15","13","100","41.5503754929166","2.44235279926521","POINT (2.44235279926521 41.5503754929166)"
"4-2-10","164","82","82","20","22","8","4","31","28","13","20","10","8","71","41.5501897882846","2.43285353176129","POINT (2.43285353176129 41.5501897882846)"
"3-9-17","622","299","323","41","53","39","54","73","82","108","98","38","36","310","41.5500264406743","2.44774165993957","POINT (2.44774165993957 41.5500264406743)"
"3-5-04","365","185","180","36","36","32","29","60","54","30","43","27","18","104","41.5502497464575","2.44840681891448","POINT (2.44840681891448 41.5502497464575)"
"3-8-06","173","88","85","17","15","13","9","28","35","21","17","9","9","81","41.5504464508514","2.44164019659154","POINT (2.44164019659154 41.5504464508514)"
"3-4-04","193","90","103","10","22","13","14","19","24","39","31","9","12","74","41.5505537825576","2.45017754625149","POINT (2.45017754625149 41.5505537825576)"
"3-5-05","429","220","209","59","45","25","27","70","75","43","44","23","18","133","41.5503973996003","2.44889020318454","POINT (2.44889020318454 41.5503973996003)"
"3-8-05","215","110","105","21","30","10","8","39","34","19","21","21","12","86","41.550527030801","2.44109193356836","POINT (2.44109193356836 41.550527030801)"
"3-4-06","453","215","238","41","53","32","31","69","85","49","52","24","17","138","41.5508435474969","2.44959508668607","POINT (2.44959508668607 41.5508435474969)"
"3-9-15","192","100","92","17","9","16","20","31","28","29","25","7","10","91","41.5508207329951","2.44468187410975","POINT (2.44468187410975 41.5508207329951)"
"3-7-09","195","94","101","18","18","16","20","29","35","22","20","9","8","95","41.5508332319143","2.44391718820237","POINT (2.44391718820237 41.5508332319143)"
"3-5-06","255","101","154","14","24","12","37","35","62","29","20","11","11","70","41.5510613460834","2.44846419980502","POINT (2.44846419980502 41.5510613460834)"
"3-14-03","371","184","187","25","25","25","36","46","37","67","63","21","26","224","41.5518369099219","2.44290082651732","POINT (2.44290082651732 41.5518369099219)"
"3-13-04","253","133","120","26","22","23","21","42","40","32","29","10","8","160","41.5519995821716","2.43638302748311","POINT (2.43638302748311 41.5519995821716)"
"3-13-05","128","60","68","20","25","5","4","28","28","5","8","2","3","42","41.5523501680989","2.43552809645699","POINT (2.43552809645699 41.5523501680989)"
"3-6-11","60","29","31","2","10","8","0","7","5","9","12","3","4","39","41.5525752915327","2.44740599496386","POINT (2.44740599496386 41.5525752915327)"
"3-13-08","54","28","26","2","3","1","4","10","7","12","11","3","1","33","41.5523818693756","2.43871202005495","POINT (2.43871202005495 41.5523818693756)"
"2-10-04","242","119","123","21","30","11","12","47","44","25","27","15","10","89","41.5392190047618","2.44812440385872","POINT (2.44812440385872 41.5392190047618)"
"2-8-01","566","299","267","44","46","35","34","86","83","74","73","60","31","229","41.5446450006505","2.44431770331754","POINT (2.44431770331754 41.5446450006505)"
"3-12-01","1508","731","777","116","109","72","113","184","213","208","213","151","129","1013","41.5684147744913","2.4445236833771","POINT (2.4445236833771 41.5684147744913)"
"2-5-07","924","436","488","65","92","51","76","125","153","112","112","83","55","486","41.5552018979418","2.46887436860423","POINT (2.46887436860423 41.5552018979418)"
"3-6-02","93","44","49","4","13","7","7","18","11","11","11","4","7","43","41.5525058481851","2.44546739155154","POINT (2.44546739155154 41.5525058481851)"
"3-13-10","325","162","163","33","32","25","29","52","50","41","39","11","13","188","41.5525341019829","2.44023857220765","POINT (2.44023857220765 41.5525341019829)"
"3-6-15","49","23","26","1","4","4","5","5","2","9","11","4","4","34","41.5529009587663","2.44792835612045","POINT (2.44792835612045 41.5529009587663)"
"3-6-03","175","97","78","11","12","17","16","24","22","32","23","13","5","116","41.5526492678562","2.44597144710803","POINT (2.44597144710803 41.5526492678562)"
"3-6-08","39","20","19","5","3","2","5","4","5","7","6","2","0","23","41.5528208572346","2.44649479549654","POINT (2.44649479549654 41.5528208572346)"
"3-6-12","71","37","34","6","1","9","5","7","9","13","13","2","6","53","41.5530118688029","2.44695288592578","POINT (2.44695288592578 41.5530118688029)"
"3-13-11","118","61","57","10","7","9","12","15","12","20","16","7","10","67","41.5529640981979","2.43962734990378","POINT (2.43962734990378 41.5529640981979)"
"6-1-01","33","16","17","0","0","1","0","2","4","9","7","4","6","18","41.5316280055032","2.44334999152899","POINT (2.44334999152899 41.5316280055032)"
"5-2-04","285","126","159","31","30","13","29","32","44","37","41","13","15","105","41.5437524272839","2.42752367626899","POINT (2.42752367626899 41.5437524272839)"
"4-6-02","43","22","21","2","3","3","5","3","2","5","7","9","4","13","41.5436558961044","2.43776169683393","POINT (2.43776169683393 41.5436558961044)"
"4-5-22","230","113","117","25","29","9","13","51","52","16","17","12","6","94","41.5450182434775","2.43101168618321","POINT (2.43101168618321 41.5450182434775)"
"4-5-29","48","27","21","9","4","2","1","8","10","4","5","4","1","26","41.5454377927457","2.43019097503732","POINT (2.43019097503732 41.5454377927457)"
"4-5-20","43","20","23","2","4","1","3","5","3","10","9","2","4","27","41.5450105773666","2.43028171533312","POINT (2.43028171533312 41.5450105773666)"
"3-9-11","62","28","34","3","6","4","3","6","8","11","11","4","6","30","41.5494427721745","2.44419989586002","POINT (2.44419989586002 41.5494427721745)"
"2-7-10","196","94","102","27","32","5","8","36","38","22","18","4","6","90","41.5453673203776","2.45108183231277","POINT (2.45108183231277 41.5453673203776)"
"3-13-07","220","105","115","22","21","9","19","32","34","33","32","9","9","121","41.5518233089466","2.43949961702286","POINT (2.43949961702286 41.5518233089466)"
"6-9-05","53","29","24","1","4","7","2","5","5","5","10","11","3","23","41.5318668232837","2.43842875441211","POINT (2.43842875441211 41.5318668232837)"
"1-2-07","156","79","77","12","12","13","15","20","26","18","15","16","9","51","41.5367344546162","2.44815147138832","POINT (2.44815147138832 41.5367344546162)"
"1-1-06","150","77","73","4","14","8","10","28","19","17","23","20","7","64","41.5364875335133","2.44262124653628","POINT (2.44262124653628 41.5364875335133)"
"1-2-06","203","104","99","21","29","14","11","38","33","23","20","8","6","82","41.5366953671886","2.44677789714499","POINT (2.44677789714499 41.5366953671886)"
"1-1-01","318","170","148","23","20","21","17","50","58","45","35","31","18","120","41.5361405381661","2.44478399930127","POINT (2.44478399930127 41.5361405381661)"
"6-10-01","196","102","94","17","18","9","7","38","32","24","23","14","14","95","41.5320354032016","2.43720218346706","POINT (2.43720218346706 41.5320354032016)"
"6-10-04","293","141","152","20","33","24","19","49","54","28","33","20","13","111","41.5323255608058","2.43640269300079","POINT (2.43640269300079 41.5323255608058)"
"6-10-03","153","77","76","9","14","9","9","19","24","27","20","13","9","60","41.5326522972139","2.43678822472182","POINT (2.43678822472182 41.5326522972139)"
"6-10-08","210","107","103","20","24","11","14","33","35","29","24","14","6","103","41.5326320069464","2.43791780299375","POINT (2.43791780299375 41.5326320069464)"
"6-14-06","265","144","121","20","10","23","21","25","22","50","42","26","26","106","41.5368181893744","2.43436762994748","POINT (2.43436762994748 41.5368181893744)"
"5-9-06","212","105","107","18","20","11","11","30","34","23","28","23","14","93","41.5367720223011","2.42325499632581","POINT (2.42325499632581 41.5367720223011)"
"6-1-03","321","164","157","39","39","9","12","64","53","30","32","22","21","111","41.5328048016203","2.44291890005657","POINT (2.44291890005657 41.5328048016203)"
"6-10-05","415","217","198","45","35","19","28","63","72","49","45","41","18","138","41.5329688690252","2.43605131243902","POINT (2.43605131243902 41.5329688690252)"
"6-10-02","156","80","76","17","13","6","11","23","26","24","22","10","4","73","41.5330905589955","2.4373585015053","POINT (2.4373585015053 41.5330905589955)"
"6-13-08","118","92","26","0","0","0","0","0","0","1","0","91","26","2","41.5367677730469","2.42926775243399","POINT (2.42926775243399 41.5367677730469)"
"6-7-04","382","188","194","33","40","16","28","61","78","50","38","28","10","106","41.5369414800425","2.4317778932665","POINT (2.4317778932665 41.5369414800425)"
"6-4-04","176","93","83","14","13","4","6","31","25","25","24","19","15","81","41.536688933832","2.43867467585857","POINT (2.43867467585857 41.536688933832)"
"6-4-01","111","51","60","5","13","13","11","13","16","14","17","6","3","49","41.5369473037234","2.4402656628929","POINT (2.4402656628929 41.5369473037234)"
"6-1-04","902","484","418","65","64","63","65","129","115","133","115","94","59","325","41.5331780901114","2.44360455223568","POINT (2.44360455223568 41.5331780901114)"
"6-3-12","96","49","47","7","12","6","5","16","14","14","10","6","6","56","41.533332643147","2.43877847769783","POINT (2.43877847769783 41.533332643147)"
"6-10-06","94","42","52","9","10","4","11","14","18","10","10","5","3","40","41.5335219130093","2.43680774915061","POINT (2.43680774915061 41.5335219130093)"
"5-13-02","326","168","158","26","26","11","17","45","53","57","43","29","19","140","41.5369919119982","2.4280756568204","POINT (2.4280756568204 41.5369919119982)"
"6-14-04","422","221","201","27","23","24","44","64","67","62","48","44","19","136","41.5370333797659","2.43590406407953","POINT (2.43590406407953 41.5370333797659)"
"1-1-08","134","66","68","5","10","5","10","20","26","19","13","17","9","46","41.5369457299729","2.44155595830507","POINT (2.44155595830507 41.5369457299729)"
"1-2-08","163","89","74","17","10","16","11","25","19","23","28","8","6","81","41.5369795720398","2.44861282346523","POINT (2.44861282346523 41.5369795720398)"
"6-2-03","66","40","26","5","4","1","4","14","11","9","2","11","5","25","41.5335763209605","2.44210763987699","POINT (2.44210763987699 41.5335763209605)"
"6-1-05","539","281","258","26","49","30","34","85","85","87","56","53","34","192","41.5336862073996","2.44438010653596","POINT (2.44438010653596 41.5336862073996)"
"6-3-11","210","102","108","16","21","12","19","39","32","27","29","8","7","97","41.5337673316484","2.43822495549023","POINT (2.43822495549023 41.5337673316484)"
"5-10-03","147","63","84","7","17","6","16","20","22","18","19","12","10","76","41.5370650209069","2.42388721607486","POINT (2.42388721607486 41.5370650209069)"
"6-7-02","155","75","80","8","15","5","7","16","22","21","19","25","17","65","41.5371405399046","2.43270428606071","POINT (2.43270428606071 41.5371405399046)"
"5-9-01","263","126","137","18","26","12","19","46","50","23","26","27","16","112","41.5369810136361","2.42160491032591","POINT (2.42160491032591 41.5369810136361)"
"5-9-02","207","99","108","17","17","9","23","30","35","29","26","14","7","79","41.5371233470688","2.42213023581487","POINT (2.42213023581487 41.5371233470688)"
"1-2-02","158","93","65","17","12","7","10","31","25","19","12","19","6","54","41.5371622190886","2.4455754513876","POINT (2.4455754513876 41.5371622190886)"
"6-3-09","172","94","78","10","13","12","12","25","16","26","24","21","13","62","41.5340551623048","2.43966194730843","POINT (2.43966194730843 41.5340551623048)"
"1-1-05","123","66","57","12","9","8","4","23","25","11","13","12","6","48","41.534186112431","2.44484303813148","POINT (2.44484303813148 41.534186112431)"
"6-3-10","303","168","135","26","15","25","19","59","55","45","36","13","10","122","41.5341977371124","2.43770691000027","POINT (2.43770691000027 41.5341977371124)"
"6-2-05","109","63","46","13","10","6","6","25","19","11","5","8","6","45","41.5342637946778","2.44136813873316","POINT (2.44136813873316 41.5342637946778)"
"6-5-01","745","380","365","54","53","42","56","120","134","92","79","72","43","167","41.5372465464968","2.43099522696015","POINT (2.43099522696015 41.5372465464968)"
"5-10-01","244","110","134","25","32","19","17","38","44","15","30","13","11","40","41.537306595422","2.42440797095093","POINT (2.42440797095093 41.537306595422)"
"5-9-03","322","146","176","31","34","19","33","45","62","33","39","18","8","81","41.5373381030197","2.4227711196115","POINT (2.4227711196115 41.5373381030197)"
"5-13-03","750","365","385","64","69","46","53","91","122","82","86","82","55","219","41.5375440273465","2.42786727801486","POINT (2.42786727801486 41.5375440273465)"
"1-1-04","210","124","86","21","15","12","9","36","26","33","19","22","17","84","41.5343055280908","2.44537701047143","POINT (2.44537701047143 41.5343055280908)"
"6-3-08","148","86","62","19","12","7","5","23","21","27","20","10","4","74","41.5346060411752","2.439298943174","POINT (2.439298943174 41.5346060411752)"
"6-10-07","994","514","480","72","68","50","64","136","150","125","123","131","75","357","41.5335656602258","2.43455639421391","POINT (2.43455639421391 41.5335656602258)"
"6-11-02","449","233","216","36","34","26","32","78","77","63","51","30","22","207","41.5346318070942","2.43714835017631","POINT (2.43714835017631 41.5346318070942)"
"6-7-01","530","283","247","34","38","35","32","71","74","73","61","70","42","187","41.5374413473564","2.43390425418914","POINT (2.43390425418914 41.5374413473564)"
"1-1-07","176","84","92","12","18","15","15","28","25","20","28","9","6","60","41.5373610988424","2.44217465442084","POINT (2.44217465442084 41.5373610988424)"
"6-8-01","120","59","61","10","11","5","11","23","21","16","15","5","3","55","41.5375665616452","2.42934238385132","POINT (2.42934238385132 41.5375665616452)"
"6-13-02","61","28","33","4","7","1","4","9","9","5","3","9","10","35","41.5375557832263","2.43036016591911","POINT (2.43036016591911 41.5375557832263)"
"6-3-06","187","100","87","9","13","14","15","38","27","23","19","16","13","81","41.5348168156497","2.44077501241397","POINT (2.44077501241397 41.5348168156497)"
"6-12-04","416","207","209","20","26","25","33","40","50","85","68","37","32","216","41.5345395024551","2.43240242053569","POINT (2.43240242053569 41.5345395024551)"
"6-2-04","701","376","325","65","56","34","36","103","102","103","84","71","47","273","41.5344351094156","2.44244270214093","POINT (2.44244270214093 41.5344351094156)"
"6-3-07","194","104","90","17","20","18","8","27","33","24","21","18","8","99","41.5349010699557","2.43862183586718","POINT (2.43862183586718 41.5349010699557)"
"5-10-07","281","131","150","36","34","14","34","40","50","22","26","19","6","44","41.5375252102101","2.42529601407631","POINT (2.42529601407631 41.5375252102101)"
"5-10-04","88","46","42","7","2","9","4","9","13","7","14","14","9","25","41.5376127258212","2.42337538187366","POINT (2.42337538187366 41.5376127258212)"
"2-1-05","419","224","195","54","39","19","28","84","78","47","38","20","12","170","41.5374270048203","2.44944168261684","POINT (2.44944168261684 41.5374270048203)"
"1-2-03","228","125","103","22","10","22","7","35","34","26","33","20","19","85","41.5375370440682","2.44694809292648","POINT (2.44694809292648 41.5375370440682)"
"1-1-03","78","41","37","6","5","4","2","10","11","16","14","5","5","33","41.5348430222823","2.44602291740277","POINT (2.44602291740277 41.5348430222823)"
"6-1-06","626","329","297","53","44","34","41","95","102","85","66","62","44","194","41.534836437834","2.44315603838806","POINT (2.44315603838806 41.534836437834)"
"5-12-01","236","114","122","16","23","14","15","29","33","44","46","11","5","127","41.53521337938","2.4236562617446","POINT (2.4236562617446 41.53521337938)"
"6-11-04","484","242","242","35","47","31","35","80","69","73","80","23","11","210","41.5351762963361","2.43646920191091","POINT (2.43646920191091 41.5351762963361)"
"6-4-03","182","99","83","12","15","16","7","31","19","23","25","17","17","61","41.5375922283882","2.43955722754627","POINT (2.43955722754627 41.5375922283882)"
"6-4-08","364","197","167","29","24","23","19","46","52","59","47","40","25","129","41.5377163291746","2.43538545380174","POINT (2.43538545380174 41.5377163291746)"
"1-4-04","204","107","97","13","18","14","19","32","23","32","25","16","12","86","41.5374433416498","2.44317285270387","POINT (2.44317285270387 41.5374433416498)"
"6-7-03","245","120","125","6","14","11","20","26","28","54","48","23","15","131","41.5376008217151","2.43241073566849","POINT (2.43241073566849 41.5376008217151)"
"5-13-06","81","40","41","10","10","2","2","13","14","7","5","8","10","35","41.535505249758","2.42657584182427","POINT (2.42657584182427 41.535505249758)"
"6-11-01","261","142","119","21","18","20","15","43","45","30","25","28","16","113","41.5353248625673","2.43807968684512","POINT (2.43807968684512 41.5353248625673)"
"5-11-05","771","352","419","83","77","52","65","109","160","68","87","40","30","123","41.5375897866703","2.42696909630499","POINT (2.42696909630499 41.5375897866703)"
"5-8-06","164","80","84","16","15","9","14","26","27","23","24","6","4","63","41.5378062344323","2.42136272725246","POINT (2.42136272725246 41.5378062344323)"
"6-5-02","282","139","143","19","13","17","31","32","44","46","35","25","20","114","41.5378222856801","2.43150912911489","POINT (2.43150912911489 41.5378222856801)"
"5-8-07","219","94","125","25","21","11","22","31","46","16","23","11","13","31","41.5378787230965","2.42189355659413","POINT (2.42189355659413 41.5378787230965)"
"5-10-02","115","55","60","9","10","9","13","16","21","10","11","11","5","34","41.5378750868458","2.42387775153107","POINT (2.42387775153107 41.5378750868458)"
"1-1-09","23","12","11","0","4","1","1","4","3","3","1","4","2","16","41.5379320782356","2.44158002878275","POINT (2.44158002878275 41.5379320782356)"
"1-2-09","157","88","69","28","11","6","9","29","35","18","9","7","5","55","41.5354140170133","2.44680177354341","POINT (2.44680177354341 41.5354140170133)"
"5-10-06","291","125","166","29","27","30","34","43","77","20","26","3","2","51","41.5378695497788","2.4251165750421","POINT (2.4251165750421 41.5378695497788)"
"1-1-11","111","66","45","11","7","3","3","25","18","11","10","16","7","42","41.5379664160059","2.44035223190996","POINT (2.44035223190996 41.5379664160059)"
"1-2-04","217","112","105","19","17","16","17","44","33","23","27","10","11","92","41.5378583052045","2.44770448340041","POINT (2.44770448340041 41.5378583052045)"
"6-3-03","159","85","74","9","11","6","7","28","20","23","23","19","13","73","41.5356504117969","2.44170201285546","POINT (2.44170201285546 41.5356504117969)"
"6-14-01","192","101","91","18","22","5","9","35","31","29","18","14","11","68","41.5356756103983","2.43586255912791","POINT (2.43586255912791 41.5356756103983)"
"5-11-01","574","293","281","41","46","60","49","61","75","98","93","33","18","276","41.5356477188418","2.42296704779279","POINT (2.42296704779279 41.5356477188418)"
"6-12-01","1040","535","505","90","92","79","80","139","142","151","134","76","57","318","41.5350227514308","2.43367306960259","POINT (2.43367306960259 41.5350227514308)"
"6-8-02","74","40","34","5","3","3","8","7","4","14","12","11","7","32","41.5380149487252","2.42960631550867","POINT (2.42960631550867 41.5380149487252)"
"5-8-01","128","65","63","9","9","15","15","18","15","14","18","9","6","58","41.5380911766817","2.42296135468478","POINT (2.42296135468478 41.5380911766817)"
"6-4-10","34","19","15","4","1","2","2","1","3","7","5","5","4","14","41.5382205451998","2.43512614536154","POINT (2.43512614536154 41.5382205451998)"
"5-11-06","744","343","401","86","73","51","80","95","135","65","85","46","28","112","41.5379708468218","2.42656217098355","POINT (2.42656217098355 41.5379708468218)"
"6-4-06","103","61","42","6","5","3","3","10","11","8","9","34","14","29","41.53807697796","2.43732969262667","POINT (2.43732969262667 41.53807697796)"
"6-3-04","252","125","127","24","24","14","8","43","44","28","36","16","15","115","41.5357604810219","2.43973811243074","POINT (2.43973811243074 41.5357604810219)"
"6-11-03","270","128","142","16","22","19","25","55","58","25","28","13","9","110","41.5358418785598","2.43743531436077","POINT (2.43743531436077 41.5358418785598)"
"5-12-02","541","282","259","51","39","36","43","78","71","86","76","31","30","196","41.5359768896428","2.42506769113684","POINT (2.42506769113684 41.5359768896428)"
"1-1-02","268","154","114","28","17","19","15","46","35","37","27","24","20","103","41.535452568091","2.4438221610499","POINT (2.4438221610499 41.535452568091)"
"6-14-03","426","221","205","45","53","21","20","95","79","44","39","16","14","200","41.5360277823882","2.43536606432228","POINT (2.43536606432228 41.5360277823882)"
"1-4-03","113","65","48","15","10","10","6","23","22","10","6","7","4","46","41.5379935583","2.44350068353063","POINT (2.44350068353063 41.5379935583)"
"6-13-03","75","42","33","4","5","5","3","6","6","13","12","14","7","34","41.5381585839583","2.43085268850857","POINT (2.43085268850857 41.5381585839583)"
"6-4-09","26","14","12","2","0","2","0","1","6","1","2","8","4","18","41.5383312167556","2.43569804699218","POINT (2.43569804699218 41.5383312167556)"
"1-1-10","67","38","29","7","5","7","3","11","14","6","5","7","2","26","41.5383154985496","2.44114463287425","POINT (2.44114463287425 41.5383154985496)"
"5-13-05","799","371","428","86","81","49","70","115","149","71","89","50","39","180","41.5360265612436","2.42673359415256","POINT (2.42673359415256 41.5360265612436)"
"6-12-03","267","143","124","13","12","13","13","31","30","59","39","27","30","124","41.535921334721","2.43178316167858","POINT (2.43178316167858 41.535921334721)"
"6-3-02","176","92","84","16","15","15","9","29","29","23","21","9","10","84","41.5360844802674","2.44120639256812","POINT (2.44120639256812 41.5360844802674)"
"5-9-04","120","60","60","15","12","10","5","16","24","16","15","3","4","40","41.5362482817406","2.42201803172732","POINT (2.42201803172732 41.5362482817406)"
"5-13-04","240","114","126","20","21","6","16","32","38","32","29","24","22","81","41.5364027762385","2.42769615953324","POINT (2.42769615953324 41.5364027762385)"
"2-1-06","292","151","141","19","31","20","19","45","41","41","32","26","18","119","41.5380253312445","2.4506605500449","POINT (2.4506605500449 41.5380253312445)"
"6-7-05","68","38","30","5","5","4","4","6","5","16","11","7","5","35","41.5383494191952","2.43360088998697","POINT (2.43360088998697 41.5383494191952)"
"6-5-03","223","118","105","7","17","19","15","21","16","41","36","30","21","121","41.5382928908948","2.43200825499634","POINT (2.43200825499634 41.5382928908948)"
"5-8-02","103","53","50","6","7","9","6","15","10","18","20","5","7","52","41.5383621486392","2.42342781389226","POINT (2.42342781389226 41.5383621486392)"
"5-10-09","330","158","172","36","40","19","34","44","46","39","41","20","11","73","41.5383545425682","2.42605789287141","POINT (2.42605789287141 41.5383545425682)"
"1-2-05","113","55","58","6","11","9","8","20","20","14","13","6","6","50","41.5362451970513","2.44593455204709","POINT (2.44593455204709 41.5362451970513)"
"6-14-05","397","213","184","21","29","34","21","53","50","65","58","40","26","173","41.5364160918544","2.43492001147852","POINT (2.43492001147852 41.5364160918544)"
"6-4-02","336","163","173","26","38","15","19","66","77","37","25","19","14","131","41.536192962634","2.43924161370981","POINT (2.43924161370981 41.536192962634)"
"6-8-04","50","29","21","0","1","1","2","5","5","9","8","14","5","27","41.5384349740938","2.43026747233967","POINT (2.43026747233967 41.5384349740938)"
"1-7-08","194","103","91","13","14","19","18","36","32","20","18","15","9","78","41.5384011229855","2.43873607631623","POINT (2.43873607631623 41.5384011229855)"
"5-10-05","250","136","114","24","18","24","16","28","39","39","27","21","14","85","41.5383246182853","2.42472651625482","POINT (2.42472651625482 41.5383246182853)"
"5-8-04","486","221","265","74","64","17","35","75","94","37","55","18","17","105","41.5385015516284","2.42210366164449","POINT (2.42210366164449 41.5385015516284)"
"6-4-12","127","56","71","8","18","6","11","15","24","20","13","7","5","63","41.5386646607417","2.435153835714","POINT (2.435153835714 41.5386646607417)"
"5-9-05","136","65","71","12","18","8","5","21","25","9","14","15","9","39","41.5364544408345","2.42253886904886","POINT (2.42253886904886 41.5364544408345)"
"6-14-02","230","114","116","21","23","20","14","40","44","25","30","8","5","99","41.5364201816838","2.43668412117332","POINT (2.43668412117332 41.5364201816838)"
"6-3-01","128","70","58","7","12","11","7","21","15","15","16","16","8","50","41.5365204027575","2.44073936625828","POINT (2.44073936625828 41.5365204027575)"
"5-12-03","718","329","389","83","89","42","66","105","127","64","78","35","29","168","41.5364930209302","2.42635886943027","POINT (2.42635886943027 41.5364930209302)"
"2-1-01","318","178","140","31","33","21","15","54","44","41","32","31","16","136","41.5383242536271","2.44880656090176","POINT (2.44880656090176 41.5383242536271)"
"6-5-04","137","74","63","9","8","13","11","19","13","24","22","9","9","64","41.5387460297698","2.43232670233123","POINT (2.43232670233123 41.5387460297698)"
"1-7-05","185","98","87","13","18","8","8","34","24","28","27","15","10","80","41.5385522852989","2.43979384924536","POINT (2.43979384924536 41.5385522852989)"
"5-8-03","164","71","93","4","8","9","16","15","30","31","28","12","11","70","41.5387338283557","2.42308199145869","POINT (2.42308199145869 41.5387338283557)"
"5-1-07","110","64","46","8","5","7","7","8","4","16","16","25","14","47","41.5418478776146","2.43146477116349","POINT (2.43146477116349 41.5418478776146)"
